id	country	Dbpedia_URI	eurostat_URI	factbook_URI	Gadm_URI	wikiData_URI	ghodata_URI	geonames_URI	cyc_URI	openei_URI	linkedgeodata_URI	YAGO_URI	aims_URI	ontologyportal_URI	number_deaths_due_HIV	label
1	Afghanistan	http://dbpedia.org/resource/Afghanistan	http://eurostat.linked-statistics.org/dic/c_ctrl#AF	http://wifo5-04.informatik.uni-mannheim.de/factbook/resource/Afghanistan	http://gadm.geovocab.org/id/0_2	http://wikidata.org/entity/Q889	http://ghodata/r6-c6	http://sws.geonames.org/1149361/	http://sw.cyc.com/concept/Mx4rvViIFpwpEbGdrcN5Y29ycA	http://openei.org/resources/Afghanistan	http://linkedgeodata.org/triplify/node26847706	http://yago-knowledge.org/resource/Afghanistan	http://aims.fao.org/aos/geopolitical.owl#Afghanistan	http://www.ontologyportal.org/SUMO.owl#Afghanistan	500	low
2	Albania	http://dbpedia.org/resource/Albania	http://eurostat.linked-statistics.org/dic/c_ctrl#AL	http://wifo5-04.informatik.uni-mannheim.de/factbook/resource/Albania	http://gadm.geovocab.org/id/0_6	http://wikidata.org/entity/Q222	http://ghodata/r6-c7	http://sws.geonames.org/783754/	http://sw.cyc.com/concept/Mx4rvViNj5wpEbGdrcN5Y29ycA	http://openei.org/resources/Albania	http://linkedgeodata.org/triplify/node424310601	http://yago-knowledge.org/resource/Albania	http://aims.fao.org/aos/geopolitical.owl#Albania	http://www.ontologyportal.org/SUMO.owl#Albania	100	low
3	Algeria	http://dbpedia.org/resource/Algeria	http://eurostat.linked-statistics.org/dic/c_ctrl#DZ	http://wifo5-04.informatik.uni-mannheim.de/factbook/resource/Algeria	http://gadm.geovocab.org/id/0_65	http://wikidata.org/entity/Q262	http://ghodata/r6-c8	http://sws.geonames.org/2589581/	http://sw.cyc.com/concept/Mx4rvViMkpwpEbGdrcN5Y29ycA	http://openei.org/resources/Algeria	http://linkedgeodata.org/triplify/node432424926	http://yago-knowledge.org/resource/Algeria	http://aims.fao.org/aos/geopolitical.owl#Algeria	http://www.ontologyportal.org/SUMO.owl#Algeria	1400	high
4	Angola	http://dbpedia.org/resource/Angola	http://eurostat.linked-statistics.org/dic/c_ctrl#AO	http://wifo5-04.informatik.uni-mannheim.de/factbook/resource/Angola	http://gadm.geovocab.org/id/0_3	http://wikidata.org/entity/Q916	http://ghodata/r6-c10	http://sws.geonames.org/3351879/	http://sw.cyc.com/concept/Mx4rvVjloJwpEbGdrcN5Y29ycA	http://openei.org/resources/Angola	http://linkedgeodata.org/triplify/node424310875	http://yago-knowledge.org/resource/Angola	http://aims.fao.org/aos/geopolitical.owl#Angola	http://www.ontologyportal.org/SUMO.owl#Angola	12000	high
5	Argentina	http://dbpedia.org/resource/Argentina	http://eurostat.linked-statistics.org/dic/c_ctrl#AR	http://wifo5-04.informatik.uni-mannheim.de/factbook/resource/Argentina	http://gadm.geovocab.org/id/0_10	http://wikidata.org/entity/Q414	http://ghodata/r6-c12	http://sws.geonames.org/3865483/	http://sw.cyc.com/concept/Mx4rvVjX8ZwpEbGdrcN5Y29ycA	http://openei.org/resources/Argentina	http://linkedgeodata.org/triplify/node249399280	http://yago-knowledge.org/resource/Argentina	http://aims.fao.org/aos/geopolitical.owl#Argentina	http://www.ontologyportal.org/SUMO.owl#Argentina	1500	high
6	Armenia	http://dbpedia.org/resource/Armenia	http://eurostat.linked-statistics.org/dic/c_ctrl#AM	http://wifo5-04.informatik.uni-mannheim.de/factbook/resource/Armenia	http://gadm.geovocab.org/id/0_11	http://wikidata.org/entity/Q399	http://ghodata/r6-c13	http://sws.geonames.org/174982/	http://sw.cyc.com/concept/Mx4rwQBjg5wpEbGdrcN5Y29ycA	http://openei.org/resources/Armenia	http://linkedgeodata.org/triplify/node249399277	http://yago-knowledge.org/resource/Armenia	http://aims.fao.org/aos/geopolitical.owl#Armenia	http://www.ontologyportal.org/SUMO.owl#Armenia	200	low
7	Australia	http://dbpedia.org/resource/Australia	http://eurostat.linked-statistics.org/dic/c_ctrl#AU	http://wifo5-04.informatik.uni-mannheim.de/factbook/resource/Australia	http://gadm.geovocab.org/id/1_152	http://wikidata.org/entity/Q408	http://ghodata/r6-c14	http://sws.geonames.org/2077456/	http://sw.cyc.com/concept/Mx4rvViUs5wpEbGdrcN5Y29ycA	http://openei.org/resources/Australia	?	http://yago-knowledge.org/resource/Australia	http://aims.fao.org/aos/geopolitical.owl#Australia	http://www.ontologyportal.org/SUMO.owl#Australia	100	low
8	Azerbaijan	http://dbpedia.org/resource/Azerbaijan	http://eurostat.linked-statistics.org/dic/c_ctrl#AZ	http://wifo5-04.informatik.uni-mannheim.de/factbook/resource/Azerbaijan	http://gadm.geovocab.org/id/0_18	http://wikidata.org/entity/Q227	http://ghodata/r6-c16	http://sws.geonames.org/587116/	http://sw.cyc.com/concept/Mx4rvfLfM5wpEbGdrcN5Y29ycA	http://openei.org/resources/Azerbaijan	http://linkedgeodata.org/triplify/node424313675	http://yago-knowledge.org/resource/Azerbaijan	http://aims.fao.org/aos/geopolitical.owl#Azerbaijan	http://www.ontologyportal.org/SUMO.owl#Azerbaijan	1000	low
9	Bahamas	http://dbpedia.org/resource/Bahamas	?	?	?	?	?	?	?	?	?	?	?	?	1000	low
10	Bangladesh	http://dbpedia.org/resource/Bangladesh	http://eurostat.linked-statistics.org/dic/c_ctrl#BD	http://wifo5-04.informatik.uni-mannheim.de/factbook/resource/Bangladesh	http://gadm.geovocab.org/id/0_23	http://wikidata.org/entity/Q902	http://ghodata/r6-c19	http://sws.geonames.org/1210997/	http://sw.cyc.com/concept/Mx4rvVkBc5wpEbGdrcN5Y29ycA	http://openei.org/resources/Bangladesh	http://linkedgeodata.org/triplify/node432424937	http://yago-knowledge.org/resource/Bangladesh	http://aims.fao.org/aos/geopolitical.owl#Bangladesh	http://www.ontologyportal.org/SUMO.owl#Bangladesh	500	low
11	Barbados	http://dbpedia.org/resource/Barbados	http://eurostat.linked-statistics.org/dic/c_ctrl#BB	http://wifo5-04.informatik.uni-mannheim.de/factbook/resource/Barbados	http://gadm.geovocab.org/id/0_33	http://wikidata.org/entity/Q244	http://ghodata/r6-c20	http://sws.geonames.org/3374084/	http://sw.cyc.com/concept/Mx4rvVip7JwpEbGdrcN5Y29ycA	http://openei.org/resources/Barbados	http://linkedgeodata.org/triplify/node249399285	http://yago-knowledge.org/resource/Barbados	http://aims.fao.org/aos/geopolitical.owl#Barbados	http://www.ontologyportal.org/SUMO.owl#Barbados	100	low
12	Belarus	http://dbpedia.org/resource/Belarus	http://eurostat.linked-statistics.org/dic/c_ctrl#BY	http://wifo5-04.informatik.uni-mannheim.de/factbook/resource/Belarus	http://gadm.geovocab.org/id/0_28	http://wikidata.org/entity/Q184	http://ghodata/r6-c21	http://sws.geonames.org/630336/	http://sw.cyc.com/concept/Mx4rvVjw35wpEbGdrcN5Y29ycA	http://openei.org/resources/Belarus	http://linkedgeodata.org/triplify/node249399300	http://yago-knowledge.org/resource/Belarus	http://aims.fao.org/aos/geopolitical.owl#Belarus	http://www.ontologyportal.org/SUMO.owl#Belarus	1000	low
13	Belize	http://dbpedia.org/resource/Belize	http://eurostat.linked-statistics.org/dic/c_ctrl#BZ	http://wifo5-04.informatik.uni-mannheim.de/factbook/resource/Belize	http://gadm.geovocab.org/id/0_29	http://wikidata.org/entity/Q242	http://ghodata/r6-c23	http://sws.geonames.org/3582678/	http://sw.cyc.com/concept/Mx4rvViZApwpEbGdrcN5Y29ycA	http://openei.org/resources/Belize	http://linkedgeodata.org/triplify/node332779764	http://yago-knowledge.org/resource/Belize	http://aims.fao.org/aos/geopolitical.owl#Belize	?	200	low
14	Benin	http://dbpedia.org/resource/Benin	http://eurostat.linked-statistics.org/dic/c_ctrl#BJ	http://wifo5-04.informatik.uni-mannheim.de/factbook/resource/Benin	http://gadm.geovocab.org/id/0_21	http://wikidata.org/entity/Q962	http://ghodata/r6-c24	http://sws.geonames.org/2395170/	http://sw.cyc.com/concept/Mx4rvViDE5wpEbGdrcN5Y29ycA	http://openei.org/resources/Benin	http://linkedgeodata.org/triplify/node424297384	http://yago-knowledge.org/resource/Benin	http://aims.fao.org/aos/geopolitical.owl#Benin	?	2700	high
15	Bhutan	http://dbpedia.org/resource/Bhutan	http://eurostat.linked-statistics.org/dic/c_ctrl#BT	http://wifo5-04.informatik.uni-mannheim.de/factbook/resource/Bhutan	http://gadm.geovocab.org/id/0_35	http://wikidata.org/entity/Q917	http://ghodata/r6-c25	http://sws.geonames.org/1252634/	http://sw.cyc.com/concept/Mx4rvbLpP5wpEbGdrcN5Y29ycA	http://openei.org/resources/Bhutan	http://linkedgeodata.org/triplify/node424311028	http://yago-knowledge.org/resource/Bhutan	http://aims.fao.org/aos/geopolitical.owl#Bhutan	?	100	low
16	Botswana	http://dbpedia.org/resource/Botswana	http://eurostat.linked-statistics.org/dic/c_ctrl#BW	http://wifo5-04.informatik.uni-mannheim.de/factbook/resource/Botswana	http://gadm.geovocab.org/id/0_37	http://wikidata.org/entity/Q963	http://ghodata/r6-c28	http://sws.geonames.org/933860/	http://sw.cyc.com/concept/Mx4rvViFZ5wpEbGdrcN5Y29ycA	http://openei.org/resources/Botswana	http://linkedgeodata.org/triplify/node424313751	http://yago-knowledge.org/resource/Botswana	http://aims.fao.org/aos/geopolitical.owl#Botswana	?	5800	high
17	Brazil	http://dbpedia.org/resource/Brazil	http://eurostat.linked-statistics.org/dic/c_ctrl#BR	http://wifo5-04.informatik.uni-mannheim.de/factbook/resource/Brazil	http://gadm.geovocab.org/id/3_5870	http://wikidata.org/entity/Q155	http://ghodata/r6-c29	http://sws.geonames.org/3469034/	http://sw.cyc.com/concept/Mx4rvViPAZwpEbGdrcN5Y29ycA	http://openei.org/resources/Brasil	http://linkedgeodata.org/triplify/node424313734	http://yago-knowledge.org/resource/Brazil	http://aims.fao.org/aos/geopolitical.owl#Brazil	http://www.ontologyportal.org/SUMO.owl#Brazil	16000	high
18	Burkina Faso	http://dbpedia.org/resource/Burkina_Faso	http://eurostat.linked-statistics.org/dic/c_ctrl#BF	http://wifo5-04.informatik.uni-mannheim.de/factbook/resource/Burkina_Faso	http://gadm.geovocab.org/id/0_22	http://wikidata.org/entity/Q965	http://ghodata/r6-c32	http://sws.geonames.org/2361809/	http://sw.cyc.com/concept/Mx4rvViFrJwpEbGdrcN5Y29ycA	http://openei.org/resources/Burkina_Faso	http://linkedgeodata.org/triplify/node249399288	http://yago-knowledge.org/resource/Burkina_Faso	http://aims.fao.org/aos/geopolitical.owl#Burkina_Faso	?	5800	high
19	Burundi	http://dbpedia.org/resource/Burundi	http://eurostat.linked-statistics.org/dic/c_ctrl#BI	http://wifo5-04.informatik.uni-mannheim.de/factbook/resource/Burundi	http://gadm.geovocab.org/id/0_19	http://wikidata.org/entity/Q967	http://ghodata/r6-c33	http://sws.geonames.org/433561/	http://sw.cyc.com/concept/Mx4rvViF6ZwpEbGdrcN5Y29ycA	http://openei.org/resources/Burundi	http://linkedgeodata.org/triplify/node424310982	http://yago-knowledge.org/resource/Burundi	http://aims.fao.org/aos/geopolitical.owl#Burundi	?	4700	high
20	Cabo Verde	http://dbpedia.org/resource/Cabo_Verde	?	?	?	?	?	?	?	?	?	?	?	?	100	low
21	Cambodia	http://dbpedia.org/resource/Cambodia	http://eurostat.linked-statistics.org/dic/c_ctrl#KH	http://wifo5-04.informatik.uni-mannheim.de/factbook/resource/Cambodia	http://gadm.geovocab.org/id/0_121	http://wikidata.org/entity/Q424	http://ghodata/r6-c34	?	http://sw.cyc.com/concept/Mx4rvVioY5wpEbGdrcN5Y29ycA	http://openei.org/resources/Cambodia	http://linkedgeodata.org/triplify/node432424952	http://yago-knowledge.org/resource/Cambodia	http://aims.fao.org/aos/geopolitical.owl#Cambodia	http://www.ontologyportal.org/SUMO.owl#Cambodia	2200	high
22	Cameroon	http://dbpedia.org/resource/Cameroon	http://eurostat.linked-statistics.org/dic/c_ctrl#CM	http://wifo5-04.informatik.uni-mannheim.de/factbook/resource/Cameroon	http://gadm.geovocab.org/id/0_47	http://wikidata.org/entity/Q1009	http://ghodata/r6-c35	http://sws.geonames.org/2233387/	http://sw.cyc.com/concept/Mx4rvViDlZwpEbGdrcN5Y29ycA	http://openei.org/resources/Cameroon	http://linkedgeodata.org/triplify/node424315932	http://yago-knowledge.org/resource/Cameroon	http://aims.fao.org/aos/geopolitical.owl#Cameroon	?	44000	high
23	Canada	http://dbpedia.org/resource/Canada	http://eurostat.linked-statistics.org/dic/c_ctrl#CA	http://wifo5-04.informatik.uni-mannheim.de/eurostat/resource/countries/Canada	http://gadm.geovocab.org/id/1_526	http://wikidata.org/entity/Q16	http://ghodata/r6-c36	http://sws.geonames.org/6251999/	http://sw.cyc.com/concept/Mx4rvVimZ5wpEbGdrcN5Y29ycA	http://openei.org/resources/Canada	?	http://yago-knowledge.org/resource/Canada	http://aims.fao.org/aos/geopolitical.owl#Canada	http://www.ontologyportal.org/SUMO.owl#Canada	500	low
24	Central African Republic	http://dbpedia.org/resource/Central_African_Republic	http://eurostat.linked-statistics.org/dic/c_ctrl#CF	http://wifo5-04.informatik.uni-mannheim.de/factbook/resource/Central_African_Republic	http://gadm.geovocab.org/id/0_40	http://wikidata.org/entity/Q929	http://ghodata/r6-c38	http://sws.geonames.org/239880/	http://sw.cyc.com/concept/Mx4rwQCN6ZwpEbGdrcN5Y29ycA	http://openei.org/resources/Central_African_Republic	http://linkedgeodata.org/triplify/node432424956	http://yago-knowledge.org/resource/Central_African_Republic	http://aims.fao.org/aos/geopolitical.owl#Central_African_Republic_the	http://www.ontologyportal.org/SUMO.owl#CentralAfricanRepublic	11000	high
25	Chad	http://dbpedia.org/resource/Chad	http://eurostat.linked-statistics.org/dic/c_ctrl#TD	http://wifo5-04.informatik.uni-mannheim.de/factbook/resource/Chad	http://gadm.geovocab.org/id/0_216	http://wikidata.org/entity/Q657	http://ghodata/r6-c39	http://sws.geonames.org/2434508/	http://sw.cyc.com/concept/Mx4rvViCj5wpEbGdrcN5Y29ycA	http://openei.org/resources/Chad	http://linkedgeodata.org/triplify/node424298076	?	http://aims.fao.org/aos/geopolitical.owl#Chad	?	15000	high
26	Chile	http://dbpedia.org/resource/Chile	http://eurostat.linked-statistics.org/dic/c_ctrl#CL	http://wifo5-04.informatik.uni-mannheim.de/factbook/resource/Chile	http://gadm.geovocab.org/id/0_44	http://wikidata.org/entity/Q298	http://ghodata/r6-c40	http://sws.geonames.org/3895114/	http://sw.cyc.com/concept/Mx4rvViUkZwpEbGdrcN5Y29ycA	http://openei.org/resources/Chile	http://linkedgeodata.org/triplify/node424311104	http://yago-knowledge.org/resource/Chile	http://aims.fao.org/aos/geopolitical.owl#Chile	http://www.ontologyportal.org/SUMO.owl#Chile	1000	low
27	Congo	http://dbpedia.org/resource/Congo	?	?	?	http://wikidata.org/entity/Q35930	?	?	?	?	?	?	?	?	5400	high
28	Costa Rica	http://dbpedia.org/resource/Costa_Rica	http://eurostat.linked-statistics.org/dic/c_ctrl#CR	?	http://gadm.geovocab.org/id/0_54	http://wikidata.org/entity/Q800	http://ghodata/r6-c46	?	http://sw.cyc.com/concept/Mx4rvVioIZwpEbGdrcN5Y29ycA	http://openei.org/resources/Costa_Rica	http://linkedgeodata.org/triplify/node424297465	http://yago-knowledge.org/resource/Costa_Rica	http://aims.fao.org/aos/geopolitical.owl#Costa_Rica	http://www.ontologyportal.org/SUMO.owl#CostaRica	500	low
29	Cuba	http://dbpedia.org/resource/Cuba	http://eurostat.linked-statistics.org/dic/c_ctrl#CU	http://wifo5-04.informatik.uni-mannheim.de/factbook/resource/Cuba	http://gadm.geovocab.org/id/0_55	http://wikidata.org/entity/Q241	http://ghodata/r6-c48	http://sws.geonames.org/3562981/	http://sw.cyc.com/concept/Mx4rvVjl7JwpEbGdrcN5Y29ycA	http://openei.org/resources/Cuba	http://linkedgeodata.org/triplify/node249399313	http://yago-knowledge.org/resource/Cuba	http://aims.fao.org/aos/geopolitical.owl#Cuba	http://www.ontologyportal.org/SUMO.owl#Cuba	200	low
30	Cyprus	http://dbpedia.org/resource/Cyprus	http://eurostat.linked-statistics.org/dic/c_birth#CY	http://wifo5-04.informatik.uni-mannheim.de/eurostat/resource/countries/Kypros_%2F_Kibris	http://gadm.geovocab.org/id/0_58	http://wikidata.org/entity/Q229	http://ghodata/r6-c49	http://sws.geonames.org/146669/	http://sw.cyc.com/concept/Mx4rvVkDw5wpEbGdrcN5Y29ycA	http://openei.org/resources/Cyprus	http://linkedgeodata.org/triplify/node424313406	http://yago-knowledge.org/resource/Cyprus	http://aims.fao.org/aos/geopolitical.owl#Cyprus	http://www.ontologyportal.org/SUMO.owl#Cyprus	100	low
31	Czech Republic	http://dbpedia.org/resource/Czech_Republic	http://eurostat.linked-statistics.org/dic/c_birth#CZ	http://wifo5-04.informatik.uni-mannheim.de/eurostat/resource/countries/Ceska_Republika	http://gadm.geovocab.org/id/0_59	http://wikidata.org/entity/Q213	http://ghodata/r6-c50	http://sws.geonames.org/3077311/	http://sw.cyc.com/concept/Mx4rvWS4CpwpEbGdrcN5Y29ycA	http://openei.org/resources/Czech_Republic	http://linkedgeodata.org/triplify/node424313803	http://yago-knowledge.org/resource/Czech_Republic	http://aims.fao.org/aos/geopolitical.owl#Czech_Republic_the	http://www.ontologyportal.org/SUMO.owl#CzechRepublic	100	low
32	Democratic Republic of the Congo	http://dbpedia.org/resource/Democratic_Republic_of_the_Congo	http://eurostat.linked-statistics.org/dic/c_ctrl#CD	?	http://gadm.geovocab.org/id/0_48	http://wikidata.org/entity/Q974	http://ghodata/r6-c53	http://sws.geonames.org/203312/	http://sw.cyc.com/concept/Mx4rwQCMypwpEbGdrcN5Y29ycA	http://openei.org/resources/Democratic_Republic_of_Congo	http://linkedgeodata.org/triplify/node435981993	http://yago-knowledge.org/resource/Democratic_Republic_of_the_Congo	?	http://www.ontologyportal.org/SUMO.owl#DemocraticRepublicOfTheCongo	30000	high
33	Denmark	http://dbpedia.org/resource/Denmark	http://eurostat.linked-statistics.org/dic/c_birth#DK	http://wifo5-04.informatik.uni-mannheim.de/eurostat/resource/countries/Danmark	http://gadm.geovocab.org/id/0_63	http://wikidata.org/entity/Q35	http://ghodata/r6-c54	http://sws.geonames.org/2623032/	http://sw.cyc.com/concept/Mx4rvVjmJJwpEbGdrcN5Y29ycA	http://openei.org/resources/Denmark	http://linkedgeodata.org/triplify/node432424968	http://yago-knowledge.org/resource/Denmark	http://aims.fao.org/aos/geopolitical.owl#Denmark	http://www.ontologyportal.org/SUMO.owl#Denmark	100	low
34	Djibouti	http://dbpedia.org/resource/Djibouti	http://eurostat.linked-statistics.org/dic/c_ctrl#DJ	http://wifo5-04.informatik.uni-mannheim.de/factbook/resource/Djibouti	?	http://wikidata.org/entity/Q977	http://ghodata/r6-c55	http://sws.geonames.org/223816/	http://sw.cyc.com/concept/Mx4rvViGKZwpEbGdrcN5Y29ycA	http://openei.org/resources/Djibouti	?	http://yago-knowledge.org/resource/Djibouti	http://aims.fao.org/aos/geopolitical.owl#Djibouti	?	1000	low
35	Dominican Republic	http://dbpedia.org/resource/Dominican_Republic	http://eurostat.linked-statistics.org/dic/c_ctrl#DO	http://wifo5-04.informatik.uni-mannheim.de/factbook/resource/Dominican_Republic	http://gadm.geovocab.org/id/0_64	http://wikidata.org/entity/Q786	http://ghodata/r6-c57	http://sws.geonames.org/3508796/	http://sw.cyc.com/concept/Mx4rvVjue5wpEbGdrcN5Y29ycA	http://openei.org/resources/Dominican_Republic	http://linkedgeodata.org/triplify/node246422158	http://yago-knowledge.org/resource/Dominican_Republic	?	http://www.ontologyportal.org/SUMO.owl#DominicanRepublic	1700	high
36	Ecuador	http://dbpedia.org/resource/Ecuador	http://eurostat.linked-statistics.org/dic/c_ctrl#EC	http://wifo5-04.informatik.uni-mannheim.de/factbook/resource/Ecuador	http://gadm.geovocab.org/id/0_66	http://wikidata.org/entity/Q736	http://ghodata/r6-c58	http://sws.geonames.org/3658394/	http://sw.cyc.com/concept/Mx4rvVjpApwpEbGdrcN5Y29ycA	http://openei.org/resources/Ecuador	http://linkedgeodata.org/triplify/node424298227	http://yago-knowledge.org/resource/Ecuador	http://aims.fao.org/aos/geopolitical.owl#Ecuador	http://www.ontologyportal.org/SUMO.owl#Ecuador	1600	high
37	Egypt	http://dbpedia.org/resource/Egypt	http://eurostat.linked-statistics.org/dic/c_ctrl#EG	http://wifo5-04.informatik.uni-mannheim.de/factbook/resource/Egypt	http://gadm.geovocab.org/id/0_67	http://wikidata.org/entity/Q79	http://ghodata/r6-c59	http://sws.geonames.org/357994/	http://sw.cyc.com/concept/Mx4rvViTg5wpEbGdrcN5Y29ycA	http://openei.org/resources/Egypt	http://linkedgeodata.org/triplify/node424316018	http://yago-knowledge.org/resource/Egypt	http://aims.fao.org/aos/geopolitical.owl#Egypt	http://www.ontologyportal.org/SUMO.owl#Egypt	500	low
38	El Salvador	http://dbpedia.org/resource/El_Salvador	http://eurostat.linked-statistics.org/dic/c_ctrl#SV	http://wifo5-04.informatik.uni-mannheim.de/factbook/resource/El_Salvador	http://gadm.geovocab.org/id/0_201	http://wikidata.org/entity/Q792	http://ghodata/r6-c60	http://sws.geonames.org/3585968/	http://sw.cyc.com/concept/Mx4rvVkHHJwpEbGdrcN5Y29ycA	http://openei.org/resources/El_Salvador	http://linkedgeodata.org/triplify/node424311802	http://yago-knowledge.org/resource/El_Salvador	http://aims.fao.org/aos/geopolitical.owl#El_Salvador	?	1000	low
39	Eritrea	http://dbpedia.org/resource/Eritrea	http://eurostat.linked-statistics.org/dic/c_ctrl#ER	http://wifo5-04.informatik.uni-mannheim.de/factbook/resource/Eritrea	http://gadm.geovocab.org/id/0_68	http://wikidata.org/entity/Q986	http://ghodata/r6-c62	http://sws.geonames.org/338010/	http://sw.cyc.com/concept/Mx4rvzpyaZwpEbGdrcN5Y29ycA	http://openei.org/resources/Eritrea	http://linkedgeodata.org/triplify/node424316022	http://yago-knowledge.org/resource/Eritrea	http://aims.fao.org/aos/geopolitical.owl#Eritrea	http://www.ontologyportal.org/SUMO.owl#Eritrea	1000	low
40	Ethiopia	http://dbpedia.org/resource/Ethiopia	http://eurostat.linked-statistics.org/dic/c_ctrl#ET	http://wifo5-04.informatik.uni-mannheim.de/factbook/resource/Ethiopia	http://gadm.geovocab.org/id/0_72	http://wikidata.org/entity/Q115	http://ghodata/r6-c64	http://sws.geonames.org/337996/	http://sw.cyc.com/concept/Mx4rvViGbZwpEbGdrcN5Y29ycA	http://openei.org/resources/Ethiopia	http://linkedgeodata.org/triplify/node424311222	http://yago-knowledge.org/resource/Ethiopia	http://aims.fao.org/aos/geopolitical.owl#Ethiopia	http://www.ontologyportal.org/SUMO.owl#Ethiopia	45000	high
41	Fiji	http://dbpedia.org/resource/Fiji	http://eurostat.linked-statistics.org/dic/c_ctrl#FJ	http://wifo5-04.informatik.uni-mannheim.de/factbook/resource/Fiji	?	http://wikidata.org/entity/Q712	http://ghodata/r6-c65	http://sws.geonames.org/2205218/	http://sw.cyc.com/concept/Mx4rvVjkT5wpEbGdrcN5Y29ycA	http://openei.org/resources/Fiji	http://linkedgeodata.org/triplify/node424313823	http://yago-knowledge.org/resource/Fiji	http://aims.fao.org/aos/geopolitical.owl#Fiji	?	100	low
42	France	http://dbpedia.org/resource/France	http://eurostat.linked-statistics.org/dic/c_birth#FR	http://wifo5-04.informatik.uni-mannheim.de/eurostat/resource/countries/France	http://gadm.geovocab.org/id/0_76	http://wikidata.org/entity/Q142	http://ghodata/r6-c67	http://sws.geonames.org/3017382/	http://sw.cyc.com/concept/Mx4rvVj6EJwpEbGdrcN5Y29ycA	http://openei.org/resources/France	http://linkedgeodata.org/triplify/node424313308	http://yago-knowledge.org/resource/France	http://aims.fao.org/aos/geopolitical.owl#France	http://www.ontologyportal.org/SUMO.owl#France	1500	high
43	Gabon	http://dbpedia.org/resource/Gabon	http://eurostat.linked-statistics.org/dic/c_ctrl#GA	http://wifo5-04.informatik.uni-mannheim.de/factbook/resource/Gabon	http://gadm.geovocab.org/id/0_79	http://wikidata.org/entity/Q1000	http://ghodata/r6-c68	http://sws.geonames.org/2400553/	http://sw.cyc.com/concept/Mx4rvVkE4pwpEbGdrcN5Y29ycA	http://openei.org/resources/Gabon	http://linkedgeodata.org/triplify/node424311252	http://yago-knowledge.org/resource/Gabon	http://aims.fao.org/aos/geopolitical.owl#Gabon	?	2100	high
44	Gambia	http://dbpedia.org/resource/Gambia	?	?	?	?	?	?	?	?	?	?	http://aims.fao.org/aos/geopolitical.owl#Gambia__the	?	500	low
45	Georgia	http://dbpedia.org/resource/Georgia	?	http://wifo5-04.informatik.uni-mannheim.de/factbook/resource/Georgia	?	http://wikidata.org/entity/Q4962	?	?	?	?	?	?	http://aims.fao.org/aos/geopolitical.owl#Georgia	?	200	low
46	Ghana	http://dbpedia.org/resource/Ghana	http://eurostat.linked-statistics.org/dic/c_ctrl#GH	http://wifo5-04.informatik.uni-mannheim.de/factbook/resource/Ghana	http://gadm.geovocab.org/id/0_83	http://wikidata.org/entity/Q117	http://ghodata/r6-c72	http://sws.geonames.org/2300660/	http://sw.cyc.com/concept/Mx4rvViG75wpEbGdrcN5Y29ycA	http://openei.org/resources/Ghana	http://linkedgeodata.org/triplify/node424313836	http://yago-knowledge.org/resource/Ghana	http://aims.fao.org/aos/geopolitical.owl#Ghana	http://www.ontologyportal.org/SUMO.owl#Ghana	10000	high
47	Guatemala	http://dbpedia.org/resource/Guatemala	http://eurostat.linked-statistics.org/dic/c_ctrl#GT	http://wifo5-04.informatik.uni-mannheim.de/factbook/resource/Guatemala	http://gadm.geovocab.org/id/1_1120	http://wikidata.org/entity/Q774	http://ghodata/r6-c75	http://sws.geonames.org/3595528/	http://sw.cyc.com/concept/Mx4rvVi0XZwpEbGdrcN5Y29ycA	?	http://linkedgeodata.org/triplify/node332782099	http://yago-knowledge.org/resource/Guatemala	http://aims.fao.org/aos/geopolitical.owl#Guatemala	?	2600	high
48	Guinea	http://dbpedia.org/resource/Guinea	http://eurostat.linked-statistics.org/dic/c_ctrl#GN	http://wifo5-04.informatik.uni-mannheim.de/factbook/resource/Guinea	http://gadm.geovocab.org/id/0_85	http://wikidata.org/entity/Q1006	http://ghodata/r6-c76	http://sws.geonames.org/2420477/	http://sw.cyc.com/concept/Mx4rvViHMpwpEbGdrcN5Y29ycA	http://openei.org/resources/Guinea	http://linkedgeodata.org/triplify/node424297586	?	http://aims.fao.org/aos/geopolitical.owl#Guinea	?	5400	high
49	Guinea-Bissau	http://dbpedia.org/resource/Guinea-Bissau	http://eurostat.linked-statistics.org/dic/c_ctrl#GW	http://wifo5-04.informatik.uni-mannheim.de/factbook/resource/Guinea-Bissau	http://gadm.geovocab.org/id/0_88	http://wikidata.org/entity/Q1007	http://ghodata/r6-c77	http://sws.geonames.org/2372248/	?	http://openei.org/resources/Guinea-2DBissau	http://linkedgeodata.org/triplify/node424297609	http://yago-knowledge.org/resource/Guinea-Bissau	http://aims.fao.org/aos/geopolitical.owl#Guinea-Bissau	?	2300	high
50	Guyana	http://dbpedia.org/resource/Guyana	http://eurostat.linked-statistics.org/dic/c_ctrl#GY	http://wifo5-04.informatik.uni-mannheim.de/factbook/resource/Guyana	http://gadm.geovocab.org/id/0_96	http://wikidata.org/entity/Q734	http://ghodata/r6-c78	http://sws.geonames.org/3378535/	http://sw.cyc.com/concept/Mx4rvVj2MZwpEbGdrcN5Y29ycA	http://openei.org/resources/Guyana	http://linkedgeodata.org/triplify/node424311328	http://yago-knowledge.org/resource/Guyana	http://aims.fao.org/aos/geopolitical.owl#Guyana	?	200	low
51	Haiti	http://dbpedia.org/resource/Haiti	http://eurostat.linked-statistics.org/dic/c_ctrl#HT	http://wifo5-04.informatik.uni-mannheim.de/factbook/resource/Haiti	http://gadm.geovocab.org/id/0_101	http://wikidata.org/entity/Q790	http://ghodata/r6-c79	http://sws.geonames.org/3723988/	http://sw.cyc.com/concept/Mx4rvVj5SZwpEbGdrcN5Y29ycA	http://openei.org/resources/Haiti	http://linkedgeodata.org/triplify/node424297281	http://yago-knowledge.org/resource/Haiti	http://aims.fao.org/aos/geopolitical.owl#Haiti	http://www.ontologyportal.org/SUMO.owl#Haiti	6400	high
52	Honduras	http://dbpedia.org/resource/Honduras	http://eurostat.linked-statistics.org/dic/c_ctrl#HN	http://wifo5-04.informatik.uni-mannheim.de/factbook/resource/Honduras	http://gadm.geovocab.org/id/0_99	http://wikidata.org/entity/Q783	http://ghodata/r6-c80	http://sws.geonames.org/3608932/	http://sw.cyc.com/concept/Mx4rvViUSpwpEbGdrcN5Y29ycA	http://openei.org/resources/Honduras	http://linkedgeodata.org/triplify/node424297629	http://yago-knowledge.org/resource/Honduras	http://aims.fao.org/aos/geopolitical.owl#Honduras	?	1500	high
53	Hungary	http://dbpedia.org/resource/Hungary	http://eurostat.linked-statistics.org/dic/c_birth#HU	http://wifo5-04.informatik.uni-mannheim.de/eurostat/resource/countries/Magyarorszag	http://gadm.geovocab.org/id/0_102	http://wikidata.org/entity/Q28	http://ghodata/r6-c81	http://sws.geonames.org/719819/	http://sw.cyc.com/concept/Mx4rvViq8JwpEbGdrcN5Y29ycA	http://openei.org/resources/Hungary	http://linkedgeodata.org/triplify/node249399347	http://yago-knowledge.org/resource/Hungary	http://aims.fao.org/aos/geopolitical.owl#Hungary	http://www.ontologyportal.org/SUMO.owl#Hungary	100	low
54	India	http://dbpedia.org/resource/India	http://eurostat.linked-statistics.org/dic/c_ctrl#IN	http://wifo5-04.informatik.uni-mannheim.de/factbook/resource/India	http://gadm.geovocab.org/id/0_105	http://wikidata.org/entity/Q668	http://ghodata/r6-c83	http://sws.geonames.org/1269750/	http://sw.cyc.com/concept/Mx4rvVj7XJwpEbGdrcN5Y29ycA	http://openei.org/resources/India	http://linkedgeodata.org/triplify/node424314145	http://yago-knowledge.org/resource/India	http://aims.fao.org/aos/geopolitical.owl#India	http://www.ontologyportal.org/SUMO.owl#India	130000	high
55	Indonesia	http://dbpedia.org/resource/Indonesia	http://eurostat.linked-statistics.org/dic/c_ctrl#ID	http://wifo5-04.informatik.uni-mannheim.de/factbook/resource/Indonesia	http://gadm.geovocab.org/id/0_103	http://wikidata.org/entity/Q252	http://ghodata/r6-c84	http://sws.geonames.org/1643084/	http://sw.cyc.com/concept/Mx4rvViy1pwpEbGdrcN5Y29ycA	http://openei.org/resources/Indonesia	http://linkedgeodata.org/triplify/node424311942	http://yago-knowledge.org/resource/Indonesia	http://aims.fao.org/aos/geopolitical.owl#Indonesia	http://www.ontologyportal.org/SUMO.owl#Indonesia	29000	high
56	Jamaica	http://dbpedia.org/resource/Jamaica	http://eurostat.linked-statistics.org/dic/c_ctrl#JM	http://wifo5-04.informatik.uni-mannheim.de/factbook/resource/Jamaica	http://gadm.geovocab.org/id/0_113	http://wikidata.org/entity/Q766	http://ghodata/r6-c90	http://sws.geonames.org/3489940/	http://sw.cyc.com/concept/Mx4rvVjzopwpEbGdrcN5Y29ycA	http://openei.org/resources/Jamaica	http://linkedgeodata.org/triplify/node424313591	http://yago-knowledge.org/resource/Jamaica	http://aims.fao.org/aos/geopolitical.owl#Jamaica	http://www.ontologyportal.org/SUMO.owl#Jamaica	1300	high
57	Kenya	http://dbpedia.org/resource/Kenya	http://eurostat.linked-statistics.org/dic/c_ctrl#KE	http://wifo5-04.informatik.uni-mannheim.de/factbook/resource/Kenya	http://gadm.geovocab.org/id/0_119	http://wikidata.org/entity/Q114	http://ghodata/r6-c94	http://sws.geonames.org/192950/	http://sw.cyc.com/concept/Mx4rvViFJZwpEbGdrcN5Y29ycA	http://openei.org/resources/Kenya	http://linkedgeodata.org/triplify/node424313903	http://yago-knowledge.org/resource/Kenya	http://aims.fao.org/aos/geopolitical.owl#Kenya	http://www.ontologyportal.org/SUMO.owl#Kenya	58000	high
58	Kyrgyzstan	http://dbpedia.org/resource/Kyrgyzstan	http://eurostat.linked-statistics.org/dic/c_ctrl#KG	http://wifo5-04.informatik.uni-mannheim.de/factbook/resource/Kyrgyzstan	http://gadm.geovocab.org/id/0_120	http://wikidata.org/entity/Q813	http://ghodata/r6-c97	http://sws.geonames.org/1527747/	http://sw.cyc.com/concept/Mx4rwAIS1JwpEbGdrcN5Y29ycA	http://openei.org/resources/Kyrgyzstan	http://linkedgeodata.org/triplify/node424311431	http://yago-knowledge.org/resource/Kyrgyzstan	http://aims.fao.org/aos/geopolitical.owl#Kyrgyzstan	http://www.ontologyportal.org/SUMO.owl#Kyrgyzstan	500	low
59	Lao People's Democratic Republic	http://dbpedia.org/resource/Lao_People's_Democratic_Republic	?	?	?	?	?	?	?	?	?	?	?	?	200	low
60	Lesotho	http://dbpedia.org/resource/Lesotho	http://eurostat.linked-statistics.org/dic/c_ctrl#LS	http://wifo5-04.informatik.uni-mannheim.de/factbook/resource/Lesotho	http://gadm.geovocab.org/id/0_133	http://wikidata.org/entity/Q1013	http://ghodata/r6-c101	http://sws.geonames.org/932692/	http://sw.cyc.com/concept/Mx4rvViVE5wpEbGdrcN5Y29ycA	http://openei.org/resources/Lesotho	http://linkedgeodata.org/triplify/node424315267	http://yago-knowledge.org/resource/Lesotho	http://aims.fao.org/aos/geopolitical.owl#Lesotho	?	16000	high
61	Liberia	http://dbpedia.org/resource/Liberia	http://eurostat.linked-statistics.org/dic/c_ctrl#LR	http://wifo5-04.informatik.uni-mannheim.de/factbook/resource/Liberia	http://gadm.geovocab.org/id/0_128	http://wikidata.org/entity/Q1014	http://ghodata/r6-c102	http://sws.geonames.org/2275384/	http://sw.cyc.com/concept/Mx4rvViH_pwpEbGdrcN5Y29ycA	http://openei.org/resources/Liberia	http://linkedgeodata.org/triplify/node424311573	http://yago-knowledge.org/resource/Liberia	http://aims.fao.org/aos/geopolitical.owl#Liberia	?	2700	high
62	Madagascar	http://dbpedia.org/resource/Madagascar	http://eurostat.linked-statistics.org/dic/c_ctrl#MG	http://wifo5-04.informatik.uni-mannheim.de/factbook/resource/Madagascar	http://gadm.geovocab.org/id/0_141	http://wikidata.org/entity/Q1019	http://ghodata/r6-c106	http://sws.geonames.org/1062947/	http://sw.cyc.com/concept/Mx4rvViEopwpEbGdrcN5Y29ycA	http://openei.org/resources/Madagascar	http://linkedgeodata.org/triplify/node432425028	http://yago-knowledge.org/resource/Madagascar	http://aims.fao.org/aos/geopolitical.owl#Madagascar	http://www.ontologyportal.org/SUMO.owl#Madagascar	5500	high
63	Malawi	http://dbpedia.org/resource/Malawi	http://eurostat.linked-statistics.org/dic/c_ctrl#MW	http://wifo5-04.informatik.uni-mannheim.de/factbook/resource/Malawi	http://gadm.geovocab.org/id/0_157	http://wikidata.org/entity/Q1020	http://ghodata/r6-c107	http://sws.geonames.org/927384/	http://sw.cyc.com/concept/Mx4rvViIO5wpEbGdrcN5Y29ycA	http://openei.org/resources/Malawi	http://linkedgeodata.org/triplify/node424311645	http://yago-knowledge.org/resource/Malawi	http://aims.fao.org/aos/geopolitical.owl#Malawi	?	48000	high
64	Malaysia	http://dbpedia.org/resource/Malaysia	http://eurostat.linked-statistics.org/dic/c_ctrl#MY	http://wifo5-04.informatik.uni-mannheim.de/factbook/resource/Malaysia	http://gadm.geovocab.org/id/0_158	http://wikidata.org/entity/Q833	http://ghodata/r6-c108	http://sws.geonames.org/1733045/	http://sw.cyc.com/concept/Mx4rvVibmpwpEbGdrcN5Y29ycA	http://openei.org/resources/Malaysia	http://linkedgeodata.org/triplify/node249399394	http://yago-knowledge.org/resource/Malaysia	http://aims.fao.org/aos/geopolitical.owl#Malaysia	http://www.ontologyportal.org/SUMO.owl#Malaysia	5900	high
65	Maldives	http://dbpedia.org/resource/Maldives	http://eurostat.linked-statistics.org/dic/c_ctrl#MV	http://wifo5-04.informatik.uni-mannheim.de/factbook/resource/Maldives	?	http://wikidata.org/entity/Q826	http://ghodata/r6-c109	http://sws.geonames.org/1282028/	http://sw.cyc.com/concept/Mx4rvViUN5wpEbGdrcN5Y29ycA	http://openei.org/resources/Maldives	http://linkedgeodata.org/triplify/node424311641	http://yago-knowledge.org/resource/Maldives	http://aims.fao.org/aos/geopolitical.owl#Maldives	http://www.ontologyportal.org/SUMO.owl#Maldives	100	low
66	Mali	http://dbpedia.org/resource/Mali	http://eurostat.linked-statistics.org/dic/c_ctrl#ML	http://wifo5-04.informatik.uni-mannheim.de/factbook/resource/Mali	http://gadm.geovocab.org/id/0_146	http://wikidata.org/entity/Q912	http://ghodata/r6-c110	http://sws.geonames.org/2453866/	http://sw.cyc.com/concept/Mx4rvViIgJwpEbGdrcN5Y29ycA	http://openei.org/resources/Mali	http://linkedgeodata.org/triplify/node424297816	http://yago-knowledge.org/resource/Mali	http://aims.fao.org/aos/geopolitical.owl#Mali	?	5500	high
67	Mauritius	http://dbpedia.org/resource/Mauritius	http://eurostat.linked-statistics.org/dic/c_ctrl#MU	http://wifo5-04.informatik.uni-mannheim.de/factbook/resource/Mauritius	http://gadm.geovocab.org/id/0_156	http://wikidata.org/entity/Q1027	http://ghodata/r6-c114	http://sws.geonames.org/934292/	http://sw.cyc.com/concept/Mx4rvViEG5wpEbGdrcN5Y29ycA	http://openei.org/resources/Mauritius	http://linkedgeodata.org/triplify/node424316538	http://yago-knowledge.org/resource/Mauritius	http://aims.fao.org/aos/geopolitical.owl#Mauritius	?	1000	low
68	Mexico	http://dbpedia.org/resource/Mexico	http://eurostat.linked-statistics.org/dic/c_ctrl#MX	http://wifo5-04.informatik.uni-mannheim.de/factbook/resource/Mexico	http://gadm.geovocab.org/id/0_143	http://wikidata.org/entity/Q96	http://ghodata/r6-c115	http://sws.geonames.org/3996063/	http://sw.cyc.com/concept/Mx4rvVkAiZwpEbGdrcN5Y29ycA	http://openei.org/resources/Mexico	http://linkedgeodata.org/triplify/node432425036	http://yago-knowledge.org/resource/Mexico	http://aims.fao.org/aos/geopolitical.owl#Mexico	http://www.ontologyportal.org/SUMO.owl#Mexico	5600	high
69	Mongolia	http://dbpedia.org/resource/Mongolia	http://eurostat.linked-statistics.org/dic/c_ctrl#MN	http://wifo5-04.informatik.uni-mannheim.de/factbook/resource/Mongolia	http://gadm.geovocab.org/id/0_150	http://wikidata.org/entity/Q711	http://ghodata/r6-c118	http://sws.geonames.org/2029969/	http://sw.cyc.com/concept/Mx4rvZUBd5wpEbGdrcN5Y29ycA	http://openei.org/resources/Mongolia	http://linkedgeodata.org/triplify/node432425040	http://yago-knowledge.org/resource/Mongolia	http://aims.fao.org/aos/geopolitical.owl#Mongolia	http://www.ontologyportal.org/SUMO.owl#Mongolia	100	low
70	Morocco	http://dbpedia.org/resource/Morocco	http://eurostat.linked-statistics.org/dic/c_ctrl#MA	http://wifo5-04.informatik.uni-mannheim.de/factbook/resource/Morocco	http://gadm.geovocab.org/id/0_138	http://wikidata.org/entity/Q1028	http://ghodata/r6-c119	http://sws.geonames.org/2542007/	http://sw.cyc.com/concept/Mx4rvViJBpwpEbGdrcN5Y29ycA	http://openei.org/resources/Morocco	http://linkedgeodata.org/triplify/node432425041	http://yago-knowledge.org/resource/Morocco	http://aims.fao.org/aos/geopolitical.owl#Morocco	?	1400	high
71	Mozambique	http://dbpedia.org/resource/Mozambique	http://eurostat.linked-statistics.org/dic/c_ctrl#MZ	http://wifo5-04.informatik.uni-mannheim.de/factbook/resource/Mozambique	http://gadm.geovocab.org/id/0_152	http://wikidata.org/entity/Q1029	http://ghodata/r6-c120	http://sws.geonames.org/1036973/	http://sw.cyc.com/concept/Mx4rvViK85wpEbGdrcN5Y29ycA	http://openei.org/resources/Mozambique	http://linkedgeodata.org/triplify/node424311658	http://yago-knowledge.org/resource/Mozambique	http://aims.fao.org/aos/geopolitical.owl#Mozambique	?	82000	high
72	Myanmar	http://dbpedia.org/resource/Myanmar	?	?	?	?	?	?	?	?	?	?	http://aims.fao.org/aos/geopolitical.owl#Myanmar	http://www.ontologyportal.org/SUMO.owl#Myanmar	11000	high
73	Namibia	http://dbpedia.org/resource/Namibia	http://eurostat.linked-statistics.org/dic/c_ctrl#NA	http://wifo5-04.informatik.uni-mannheim.de/factbook/resource/Namibia	http://gadm.geovocab.org/id/0_160	http://wikidata.org/entity/Q1030	http://ghodata/r6-c122	http://sws.geonames.org/3355338/	http://sw.cyc.com/concept/Mx4rvVif75wpEbGdrcN5Y29ycA	http://openei.org/resources/Namibia	http://linkedgeodata.org/triplify/node424311662	http://yago-knowledge.org/resource/Namibia	http://aims.fao.org/aos/geopolitical.owl#Namibia	http://www.ontologyportal.org/SUMO.owl#Namibia	6600	high
74	Nepal	http://dbpedia.org/resource/Nepal	http://eurostat.linked-statistics.org/dic/c_ctrl#NP	http://wifo5-04.informatik.uni-mannheim.de/factbook/resource/Nepal	http://gadm.geovocab.org/id/0_169	http://wikidata.org/entity/Q837	http://ghodata/r6-c124	http://sws.geonames.org/1282988/	http://sw.cyc.com/concept/Mx4rvViuPZwpEbGdrcN5Y29ycA	http://openei.org/resources/Nepal	http://linkedgeodata.org/triplify/node249399402	http://yago-knowledge.org/resource/Nepal	http://aims.fao.org/aos/geopolitical.owl#Nepal	http://www.ontologyportal.org/SUMO.owl#Nepal	3300	high
75	Nicaragua	http://dbpedia.org/resource/Nicaragua	http://eurostat.linked-statistics.org/dic/c_ctrl#NI	http://wifo5-04.informatik.uni-mannheim.de/factbook/resource/Nicaragua	http://gadm.geovocab.org/id/0_165	http://wikidata.org/entity/Q811	http://ghodata/r6-c127	http://sws.geonames.org/3617476/	http://sw.cyc.com/concept/Mx4rvViTRpwpEbGdrcN5Y29ycA	http://openei.org/resources/Nicaragua	http://linkedgeodata.org/triplify/node424316671	http://yago-knowledge.org/resource/Nicaragua	http://aims.fao.org/aos/geopolitical.owl#Nicaragua	http://www.ontologyportal.org/SUMO.owl#Nicaragua	200	low
76	Niger	http://dbpedia.org/resource/Niger	http://eurostat.linked-statistics.org/dic/c_ctrl#NE	http://wifo5-04.informatik.uni-mannheim.de/factbook/resource/Niger	http://gadm.geovocab.org/id/0_162	http://wikidata.org/entity/Q1032	http://ghodata/r6-c128	http://sws.geonames.org/2440476/	http://sw.cyc.com/concept/Mx4rvViDUpwpEbGdrcN5Y29ycA	http://openei.org/resources/Niger	http://linkedgeodata.org/triplify/node424311675	http://yago-knowledge.org/resource/Niger	http://aims.fao.org/aos/geopolitical.owl#Niger_the	?	2900	high
77	Nigeria	http://dbpedia.org/resource/Nigeria	http://eurostat.linked-statistics.org/dic/c_ctrl#NG	http://wifo5-04.informatik.uni-mannheim.de/factbook/resource/Nigeria	http://gadm.geovocab.org/id/0_164	http://wikidata.org/entity/Q1033	http://ghodata/r6-c129	http://sws.geonames.org/2328926/	http://sw.cyc.com/concept/Mx4rvViCTJwpEbGdrcN5Y29ycA	http://openei.org/resources/Nigeria	http://linkedgeodata.org/triplify/node424316663	http://yago-knowledge.org/resource/Nigeria	http://aims.fao.org/aos/geopolitical.owl#Nigeria	http://www.ontologyportal.org/SUMO.owl#Nigeria	210000	high
78	Pakistan	http://dbpedia.org/resource/Pakistan	http://eurostat.linked-statistics.org/dic/c_ctrl#PK	http://wifo5-04.informatik.uni-mannheim.de/factbook/resource/Pakistan	http://gadm.geovocab.org/id/0_173	http://wikidata.org/entity/Q843	http://ghodata/r6-c133	http://sws.geonames.org/1168579/	http://sw.cyc.com/concept/Mx4rvVi2-ZwpEbGdrcN5Y29ycA	http://openei.org/resources/Pakistan	http://linkedgeodata.org/triplify/node424314088	http://yago-knowledge.org/resource/Pakistan	http://aims.fao.org/aos/geopolitical.owl#Pakistan	http://www.ontologyportal.org/SUMO.owl#Pakistan	2200	high
79	Panama	http://dbpedia.org/resource/Panama	http://eurostat.linked-statistics.org/dic/c_ctrl#PA	http://wifo5-04.informatik.uni-mannheim.de/factbook/resource/Panama	http://gadm.geovocab.org/id/0_174	http://wikidata.org/entity/Q804	http://ghodata/r6-c135	http://sws.geonames.org/3703430/	http://sw.cyc.com/concept/Mx4rvVkGE5wpEbGdrcN5Y29ycA	http://openei.org/resources/Panama	http://linkedgeodata.org/triplify/node424316758	http://yago-knowledge.org/resource/Panama	http://aims.fao.org/aos/geopolitical.owl#Panama	http://www.ontologyportal.org/SUMO.owl#Panama	1000	low
80	Papua New Guinea	http://dbpedia.org/resource/Papua_New_Guinea	http://eurostat.linked-statistics.org/dic/c_ctrl#PG	http://wifo5-04.informatik.uni-mannheim.de/factbook/resource/Papua_New_Guinea	http://gadm.geovocab.org/id/0_179	http://wikidata.org/entity/Q691	http://ghodata/r6-c136	http://sws.geonames.org/2088628/	http://sw.cyc.com/concept/Mx4rvVjiwpwpEbGdrcN5Y29ycA	http://openei.org/resources/Papua_New_Guinea	http://linkedgeodata.org/triplify/node424297931	http://yago-knowledge.org/resource/Papua_New_Guinea	http://aims.fao.org/aos/geopolitical.owl#Papua_New_Guinea	?	1500	high
81	Paraguay	http://dbpedia.org/resource/Paraguay	http://eurostat.linked-statistics.org/dic/c_ctrl#PY	http://wifo5-04.informatik.uni-mannheim.de/factbook/resource/Paraguay	http://gadm.geovocab.org/id/0_184	http://wikidata.org/entity/Q733	http://ghodata/r6-c137	http://sws.geonames.org/3437598/	http://sw.cyc.com/concept/Mx4rvVjks5wpEbGdrcN5Y29ycA	http://openei.org/resources/Paraguay	?	http://yago-knowledge.org/resource/Paraguay	http://aims.fao.org/aos/geopolitical.owl#Paraguay	http://www.ontologyportal.org/SUMO.owl#Paraguay	500	low
82	Peru	http://dbpedia.org/resource/Peru	http://eurostat.linked-statistics.org/dic/c_ctrl#PE	http://wifo5-04.informatik.uni-mannheim.de/factbook/resource/Peru	http://gadm.geovocab.org/id/0_176	http://wikidata.org/entity/Q419	http://ghodata/r6-c138	http://sws.geonames.org/3932488/	http://sw.cyc.com/concept/Mx4rvViid5wpEbGdrcN5Y29ycA	http://openei.org/resources/Peru	http://linkedgeodata.org/triplify/node249399406	http://yago-knowledge.org/resource/Peru	http://aims.fao.org/aos/geopolitical.owl#Peru	http://www.ontologyportal.org/SUMO.owl#Peru	2800	high
83	Republic of Moldova	http://dbpedia.org/resource/Republic_of_Moldova	?	?	?	?	?	?	?	?	?	?	?	?	1000	low
84	Romania	http://dbpedia.org/resource/Romania	http://eurostat.linked-statistics.org/dic/c_birth#RO	http://wifo5-04.informatik.uni-mannheim.de/eurostat/resource/countries/Rom%C3%A2nia	http://gadm.geovocab.org/id/0_189	http://wikidata.org/entity/Q218	http://ghodata/r6-c145	http://sws.geonames.org/798549/	http://sw.cyc.com/concept/Mx4rvViC8ZwpEbGdrcN5Y29ycA	http://openei.org/resources/Romania	http://linkedgeodata.org/triplify/node432425064	http://yago-knowledge.org/resource/Romania	http://aims.fao.org/aos/geopolitical.owl#Romania	http://www.ontologyportal.org/SUMO.owl#Romania	1000	low
85	Rwanda	http://dbpedia.org/resource/Rwanda	http://eurostat.linked-statistics.org/dic/c_ctrl#RW	http://wifo5-04.informatik.uni-mannheim.de/factbook/resource/Rwanda	http://gadm.geovocab.org/id/0_191	http://wikidata.org/entity/Q1037	http://ghodata/r6-c147	http://sws.geonames.org/49518/	http://sw.cyc.com/concept/Mx4rvViJR5wpEbGdrcN5Y29ycA	http://openei.org/resources/Rwanda	http://linkedgeodata.org/triplify/node424311738	http://yago-knowledge.org/resource/Rwanda	http://aims.fao.org/aos/geopolitical.owl#Rwanda	http://www.ontologyportal.org/SUMO.owl#Rwanda	4500	high
86	Sao Tome and Principe	http://dbpedia.org/resource/Sao_Tome_and_Principe	?	?	?	?	?	?	?	?	?	?	http://aims.fao.org/aos/geopolitical.owl#Sao_Tome_and_Principe	?	500	low
87	Senegal	http://dbpedia.org/resource/Senegal	http://eurostat.linked-statistics.org/dic/c_ctrl#SN	http://wifo5-04.informatik.uni-mannheim.de/factbook/resource/Senegal	http://gadm.geovocab.org/id/0_194	http://wikidata.org/entity/Q1041	http://ghodata/r6-c155	http://sws.geonames.org/2245662/	http://sw.cyc.com/concept/Mx4rvViJi5wpEbGdrcN5Y29ycA	http://openei.org/resources/Senegal	http://linkedgeodata.org/triplify/node432425075	http://yago-knowledge.org/resource/Senegal	http://aims.fao.org/aos/geopolitical.owl#Senegal	http://www.ontologyportal.org/SUMO.owl#Senegal	1800	high
88	Serbia	http://dbpedia.org/resource/Serbia	http://eurostat.linked-statistics.org/dic/c_ctrl#RS	http://wifo5-04.informatik.uni-mannheim.de/factbook/resource/Serbia	http://gadm.geovocab.org/id/0_206	http://wikidata.org/entity/Q403	?	http://sws.geonames.org/6290252/	http://sw.cyc.com/concept/Mx4rvi5PVZwpEbGdrcN5Y29ycA	http://openei.org/resources/Serbia	http://linkedgeodata.org/triplify/node369137525	http://yago-knowledge.org/resource/Serbia	http://aims.fao.org/aos/geopolitical.owl#Serbia	?	200	low
89	Sierra Leone	http://dbpedia.org/resource/Sierra_Leone	http://eurostat.linked-statistics.org/dic/c_ctrl#SL	http://wifo5-04.informatik.uni-mannheim.de/factbook/resource/Sierra_Leone	http://gadm.geovocab.org/id/0_200	http://wikidata.org/entity/Q1044	http://ghodata/r6-c158	http://sws.geonames.org/2403846/	http://sw.cyc.com/concept/Mx4rvViKEZwpEbGdrcN5Y29ycA	http://openei.org/resources/Sierra_Leone	http://linkedgeodata.org/triplify/node424314123	http://yago-knowledge.org/resource/Sierra_Leone	http://aims.fao.org/aos/geopolitical.owl#Sierra_Leone	?	3100	high
90	Somalia	http://dbpedia.org/resource/Somalia	http://eurostat.linked-statistics.org/dic/c_ctrl#SO	?	?	http://wikidata.org/entity/Q1045	http://ghodata/r6-c163	http://sws.geonames.org/51537/	http://sw.cyc.com/concept/Mx4rvViJzpwpEbGdrcN5Y29ycA	http://openei.org/resources/Somalia	http://linkedgeodata.org/triplify/node424317039	http://yago-knowledge.org/resource/Somalia	http://aims.fao.org/aos/geopolitical.owl#Somalia	http://www.ontologyportal.org/SUMO.owl#Somalia	2500	high
91	South Africa	http://dbpedia.org/resource/South_Africa	http://eurostat.linked-statistics.org/dic/c_ctrl#ZA	http://wifo5-04.informatik.uni-mannheim.de/factbook/resource/South_Africa	http://gadm.geovocab.org/id/0_246	http://wikidata.org/entity/Q258	http://ghodata/r6-c164	http://sws.geonames.org/953987/	http://sw.cyc.com/concept/Mx4rvVkJaJwpEbGdrcN5Y29ycA	http://openei.org/resources/South_Africa	http://linkedgeodata.org/triplify/node424298167	http://yago-knowledge.org/resource/South_Africa	http://aims.fao.org/aos/geopolitical.owl#South_Africa	http://www.ontologyportal.org/SUMO.owl#SouthAfrica	200000	high
92	South Sudan	http://dbpedia.org/resource/South_Sudan	?	?	?	http://wikidata.org/entity/Q958	?	http://sws.geonames.org/7909807/	http://sw.cyc.com/concept/Mx4rKxNH_gg4QAS8ISUioEIlzg	?	?	http://yago-knowledge.org/resource/South_Sudan	?	?	13000	high
93	Spain	http://dbpedia.org/resource/Spain	http://eurostat.linked-statistics.org/dic/c_birth#ES	http://wifo5-04.informatik.uni-mannheim.de/eurostat/resource/countries/Espa%C3%B1a	http://gadm.geovocab.org/id/0_70	http://wikidata.org/entity/Q29	http://ghodata/r6-c165	http://sws.geonames.org/2510769/	http://sw.cyc.com/concept/Mx4rvVjowpwpEbGdrcN5Y29ycA	http://openei.org/resources/Spain	http://linkedgeodata.org/triplify/node148332300	http://yago-knowledge.org/resource/Spain	http://aims.fao.org/aos/geopolitical.owl#Spain	http://www.ontologyportal.org/SUMO.owl#Spain	1000	low
94	Sri Lanka	http://dbpedia.org/resource/Sri_Lanka	http://eurostat.linked-statistics.org/dic/c_ctrl#LK	http://wifo5-04.informatik.uni-mannheim.de/factbook/resource/Sri_Lanka	http://gadm.geovocab.org/id/0_132	http://wikidata.org/entity/Q854	http://ghodata/r6-c166	http://sws.geonames.org/1227603/	http://sw.cyc.com/concept/Mx4rvVj99ZwpEbGdrcN5Y29ycA	http://openei.org/resources/Sri_Lanka	http://linkedgeodata.org/triplify/node424311565	http://yago-knowledge.org/resource/Sri_Lanka	http://aims.fao.org/aos/geopolitical.owl#Sri_Lanka	http://www.ontologyportal.org/SUMO.owl#SriLanka	100	low
95	Sudan	http://dbpedia.org/resource/Sudan	http://eurostat.linked-statistics.org/dic/c_ctrl#SD	http://wifo5-04.informatik.uni-mannheim.de/factbook/resource/Sudan	http://gadm.geovocab.org/id/0_193	http://wikidata.org/entity/Q1049	http://ghodata/r6-c167	http://sws.geonames.org/366755/	http://sw.cyc.com/concept/Mx4rvViKUZwpEbGdrcN5Y29ycA	?	?	http://yago-knowledge.org/resource/Sudan	http://aims.fao.org/aos/geopolitical.owl#Sudan_the	http://www.ontologyportal.org/SUMO.owl#Sudan	3100	high
96	Suriname	http://dbpedia.org/resource/Suriname	http://eurostat.linked-statistics.org/dic/c_ctrl#SR	http://wifo5-04.informatik.uni-mannheim.de/factbook/resource/Suriname	http://gadm.geovocab.org/id/0_208	http://wikidata.org/entity/Q730	http://ghodata/r6-c168	http://sws.geonames.org/3382998/	http://sw.cyc.com/concept/Mx4rvViGyZwpEbGdrcN5Y29ycA	http://openei.org/resources/Suriname	http://linkedgeodata.org/triplify/node432425087	http://yago-knowledge.org/resource/Suriname	http://aims.fao.org/aos/geopolitical.owl#Suriname	?	200	low
97	Swaziland	http://dbpedia.org/resource/Swaziland	http://eurostat.linked-statistics.org/dic/c_ctrl#SZ	http://wifo5-04.informatik.uni-mannheim.de/factbook/resource/Swaziland	http://gadm.geovocab.org/id/0_212	http://wikidata.org/entity/Q1050	http://ghodata/r6-c169	http://sws.geonames.org/934841/	http://sw.cyc.com/concept/Mx4rvViKkpwpEbGdrcN5Y29ycA	http://openei.org/resources/Swaziland	http://linkedgeodata.org/triplify/node424310680	http://yago-knowledge.org/resource/Swaziland	http://aims.fao.org/aos/geopolitical.owl#Swaziland	?	4500	high
98	Switzerland	http://dbpedia.org/resource/Switzerland	http://eurostat.linked-statistics.org/dic/c_ctrl#CH	http://wifo5-04.informatik.uni-mannheim.de/eurostat/resource/countries/Switzerland	http://gadm.geovocab.org/id/0_43	http://wikidata.org/entity/Q39	http://ghodata/r6-c171	http://sws.geonames.org/2658434/	http://sw.cyc.com/concept/Mx4rvVjQm5wpEbGdrcN5Y29ycA	http://openei.org/resources/Switzerland	http://linkedgeodata.org/triplify/node49915473	http://yago-knowledge.org/resource/Switzerland	http://aims.fao.org/aos/geopolitical.owl#Switzerland	http://www.ontologyportal.org/SUMO.owl#Switzerland	500	low
99	Tajikistan	http://dbpedia.org/resource/Tajikistan	http://eurostat.linked-statistics.org/dic/c_ctrl#TJ	http://wifo5-04.informatik.uni-mannheim.de/factbook/resource/Tajikistan	http://gadm.geovocab.org/id/0_219	http://wikidata.org/entity/Q863	http://ghodata/r6-c173	http://sws.geonames.org/1220409/	http://sw.cyc.com/concept/Mx4rvYz5eZwpEbGdrcN5Y29ycA	http://openei.org/resources/Tajikistan	http://linkedgeodata.org/triplify/node424314276	http://yago-knowledge.org/resource/Tajikistan	http://aims.fao.org/aos/geopolitical.owl#Tajikistan	?	1000	low
100	Thailand	http://dbpedia.org/resource/Thailand	http://eurostat.linked-statistics.org/dic/c_ctrl#TH	http://wifo5-04.informatik.uni-mannheim.de/factbook/resource/Thailand	http://gadm.geovocab.org/id/0_218	http://wikidata.org/entity/Q869	http://ghodata/r6-c174	http://sws.geonames.org/1605651/	http://sw.cyc.com/concept/Mx4rvViUD5wpEbGdrcN5Y29ycA	http://openei.org/resources/Thailand	http://linkedgeodata.org/triplify/node437146363	http://yago-knowledge.org/resource/Thailand	http://aims.fao.org/aos/geopolitical.owl#Thailand	http://www.ontologyportal.org/SUMO.owl#Thailand	18000	high
101	The former Yugoslav republic of Macedonia	http://dbpedia.org/resource/The_Former_Yugoslav_Republic_of_Macedonia	?	?	?	?	?	?	?	?	?	?	?	?	100	low
102	Togo	http://dbpedia.org/resource/Togo	http://eurostat.linked-statistics.org/dic/c_ctrl#TG	http://wifo5-04.informatik.uni-mannheim.de/factbook/resource/Togo	http://gadm.geovocab.org/id/0_217	http://wikidata.org/entity/Q945	http://ghodata/r6-c177	http://sws.geonames.org/2363686/	http://sw.cyc.com/concept/Mx4rvViLG5wpEbGdrcN5Y29ycA	http://openei.org/resources/Togo	http://linkedgeodata.org/triplify/node424311827	http://yago-knowledge.org/resource/Togo	http://aims.fao.org/aos/geopolitical.owl#Togo	?	6600	high
103	Trinidad and Tobago	http://dbpedia.org/resource/Trinidad_and_Tobago	http://eurostat.linked-statistics.org/dic/c_ctrl#TT	http://wifo5-04.informatik.uni-mannheim.de/factbook/resource/Trinidad_and_Tobago	http://gadm.geovocab.org/id/0_224	http://wikidata.org/entity/Q754	http://ghodata/r6-c179	http://sws.geonames.org/3573591/	?	http://openei.org/resources/Trinidad_-26_Tobago	http://linkedgeodata.org/triplify/node249399444	?	http://aims.fao.org/aos/geopolitical.owl#Trinidad_and_Tobago	?	1000	low
104	Tunisia	http://dbpedia.org/resource/Tunisia	http://eurostat.linked-statistics.org/dic/c_ctrl#TN	http://wifo5-04.informatik.uni-mannheim.de/factbook/resource/Tunisia	http://gadm.geovocab.org/id/0_225	http://wikidata.org/entity/Q948	http://ghodata/r6-c180	http://sws.geonames.org/2464461/	http://sw.cyc.com/concept/Mx4rwG135ZwpEbGdrcN5Y29ycA	http://openei.org/resources/Tunisia	http://linkedgeodata.org/triplify/node424317315	http://yago-knowledge.org/resource/Tunisia	http://aims.fao.org/aos/geopolitical.owl#Tunisia	http://www.ontologyportal.org/SUMO.owl#Tunisia	200	low
105	Uganda	http://dbpedia.org/resource/Uganda	http://eurostat.linked-statistics.org/dic/c_ctrl#UG	http://wifo5-04.informatik.uni-mannheim.de/factbook/resource/Uganda	http://gadm.geovocab.org/id/0_230	http://wikidata.org/entity/Q1036	?	http://sws.geonames.org/226074/	http://sw.cyc.com/concept/Mx4rvViLXpwpEbGdrcN5Y29ycA	http://openei.org/resources/Uganda	http://linkedgeodata.org/triplify/node424317406	http://yago-knowledge.org/resource/Uganda	http://aims.fao.org/aos/geopolitical.owl#Uganda	?	63000	high
106	Ukraine	http://dbpedia.org/resource/Ukraine	http://eurostat.linked-statistics.org/dic/c_ctrl#UA	http://wifo5-04.informatik.uni-mannheim.de/factbook/resource/Ukraine	http://gadm.geovocab.org/id/0_231	http://wikidata.org/entity/Q212	http://ghodata/r6-c185	http://sws.geonames.org/690791/	http://sw.cyc.com/concept/Mx4rvqORQJwpEbGdrcN5Y29ycA	http://openei.org/resources/Ukraine	http://linkedgeodata.org/triplify/node432425112	http://yago-knowledge.org/resource/Ukraine	http://aims.fao.org/aos/geopolitical.owl#Ukraine	http://www.ontologyportal.org/SUMO.owl#Ukraine	13000	high
107	United Kingdom of Great Britain and Northern Ireland	http://dbpedia.org/resource/United_Kingdom_of_Great_Britain_and_Northern_Ireland	?	?	?	?	?	?	?	?	?	?	?	?	1000	low
108	United Republic of Tanzania	http://dbpedia.org/resource/United_Republic_of_Tanzania	?	?	?	?	?	?	?	?	?	?	?	?	78000	high
109	Uruguay	http://dbpedia.org/resource/Uruguay	http://eurostat.linked-statistics.org/dic/c_ctrl#UY	http://wifo5-04.informatik.uni-mannheim.de/factbook/resource/Uruguay	http://gadm.geovocab.org/id/0_233	http://wikidata.org/entity/Q77	http://ghodata/r6-c190	http://sws.geonames.org/3439705/	http://sw.cyc.com/concept/Mx4rvViNlZwpEbGdrcN5Y29ycA	http://openei.org/resources/Uruguay	http://linkedgeodata.org/triplify/node432425116	http://yago-knowledge.org/resource/Uruguay	http://aims.fao.org/aos/geopolitical.owl#Uruguay	http://www.ontologyportal.org/SUMO.owl#Uruguay	500	low
110	Uzbekistan	http://dbpedia.org/resource/Uzbekistan	http://eurostat.linked-statistics.org/dic/c_ctrl#UZ	http://wifo5-04.informatik.uni-mannheim.de/factbook/resource/Uzbekistan	http://gadm.geovocab.org/id/0_235	http://wikidata.org/entity/Q265	http://ghodata/r6-c191	http://sws.geonames.org/1512440/	http://sw.cyc.com/concept/Mx4rvdiyI5wpEbGdrcN5Y29ycA	http://openei.org/resources/Uzbekistan	http://linkedgeodata.org/triplify/node424317428	http://yago-knowledge.org/resource/Uzbekistan	http://aims.fao.org/aos/geopolitical.owl#Uzbekistan	http://www.ontologyportal.org/SUMO.owl#Uzbekistan	2700	high
111	Viet Nam	http://dbpedia.org/resource/Viet_Nam	?	?	?	?	?	?	?	?	?	?	?	?	12000	high
112	Yemen	http://dbpedia.org/resource/Yemen	http://eurostat.linked-statistics.org/dic/c_ctrl#YE	http://wifo5-04.informatik.uni-mannheim.de/factbook/resource/Yemen	http://gadm.geovocab.org/id/0_245	http://wikidata.org/entity/Q805	http://ghodata/r6-c195	http://sws.geonames.org/69543/	http://sw.cyc.com/concept/Mx4rwPbFVJwpEbGdrcN5Y29ycA	http://openei.org/resources/Yemen	http://linkedgeodata.org/triplify/node249399459	http://yago-knowledge.org/resource/Yemen	http://aims.fao.org/aos/geopolitical.owl#Yemen	http://www.ontologyportal.org/SUMO.owl#Yemen	500	low
113	Zambia	http://dbpedia.org/resource/Zambia	http://eurostat.linked-statistics.org/dic/c_ctrl#ZM	http://wifo5-04.informatik.uni-mannheim.de/factbook/resource/Zambia	http://gadm.geovocab.org/id/0_247	http://wikidata.org/entity/Q953	http://ghodata/r6-c196	http://sws.geonames.org/895949/	http://sw.cyc.com/concept/Mx4rwQCL-JwpEbGdrcN5Y29ycA	http://openei.org/resources/Zambia	http://linkedgeodata.org/triplify/node432425123	http://yago-knowledge.org/resource/Zambia	http://aims.fao.org/aos/geopolitical.owl#Zambia	?	27000	high
114	Zimbabwe	http://dbpedia.org/resource/Zimbabwe	http://eurostat.linked-statistics.org/dic/c_ctrl#ZW	http://wifo5-04.informatik.uni-mannheim.de/factbook/resource/Zimbabwe	http://gadm.geovocab.org/id/0_248	http://wikidata.org/entity/Q954	http://ghodata/r6-c197	http://sws.geonames.org/878675/	http://sw.cyc.com/concept/Mx4rwQCK7ZwpEbGdrcN5Y29ycA	http://openei.org/resources/Zimbabwe	?	http://yago-knowledge.org/resource/Zimbabwe	http://aims.fao.org/aos/geopolitical.owl#Zimbabwe	http://www.ontologyportal.org/SUMO.owl#Zimbabwe	64000	high