rock	label_theme
http://data.bgs.ac.uk/id/Lexicon/NamedRockUnit/BTCO	http://data.bgs.ac.uk/id/Lexicon/Theme/BEDRCK
http://data.bgs.ac.uk/id/Lexicon/NamedRockUnit/P26	http://data.bgs.ac.uk/id/Lexicon/Theme/BEDRCK
http://data.bgs.ac.uk/id/Lexicon/NamedRockUnit/JNJC	http://data.bgs.ac.uk/id/Lexicon/Theme/BEDRCK
http://data.bgs.ac.uk/id/Lexicon/NamedRockUnit/BORO	http://data.bgs.ac.uk/id/Lexicon/Theme/BEDRCK
http://data.bgs.ac.uk/id/Lexicon/NamedRockUnit/ULK	http://data.bgs.ac.uk/id/Lexicon/Theme/BEDRCK
http://data.bgs.ac.uk/id/Lexicon/NamedRockUnit/AN	http://data.bgs.ac.uk/id/Lexicon/Theme/BEDRCK
http://data.bgs.ac.uk/id/Lexicon/NamedRockUnit/TBLN	http://data.bgs.ac.uk/id/Lexicon/Theme/BEDRCK
http://data.bgs.ac.uk/id/Lexicon/NamedRockUnit/GLA	http://data.bgs.ac.uk/id/Lexicon/Theme/BEDRCK
http://data.bgs.ac.uk/id/Lexicon/NamedRockUnit/SMLR	http://data.bgs.ac.uk/id/Lexicon/Theme/BEDRCK
http://data.bgs.ac.uk/id/Lexicon/NamedRockUnit/SWAM	http://data.bgs.ac.uk/id/Lexicon/Theme/BEDRCK
http://data.bgs.ac.uk/id/Lexicon/NamedRockUnit/BDMO	http://data.bgs.ac.uk/id/Lexicon/Theme/SPRFCL
http://data.bgs.ac.uk/id/Lexicon/NamedRockUnit/NO1B	http://data.bgs.ac.uk/id/Lexicon/Theme/SPRFCL
http://data.bgs.ac.uk/id/Lexicon/NamedRockUnit/BGGC	http://data.bgs.ac.uk/id/Lexicon/Theme/BEDRCK
http://data.bgs.ac.uk/id/Lexicon/NamedRockUnit/BEOS	http://data.bgs.ac.uk/id/Lexicon/Theme/BEDRCK
http://data.bgs.ac.uk/id/Lexicon/NamedRockUnit/FDHN3	http://data.bgs.ac.uk/id/Lexicon/Theme/BEDRCK
http://data.bgs.ac.uk/id/Lexicon/NamedRockUnit/BARC	http://data.bgs.ac.uk/id/Lexicon/Theme/BEDRCK
http://data.bgs.ac.uk/id/Lexicon/NamedRockUnit/RWNL	http://data.bgs.ac.uk/id/Lexicon/Theme/BEDRCK
http://data.bgs.ac.uk/id/Lexicon/NamedRockUnit/NMII	http://data.bgs.ac.uk/id/Lexicon/Theme/BEDRCK
http://data.bgs.ac.uk/id/Lexicon/NamedRockUnit/BHLV	http://data.bgs.ac.uk/id/Lexicon/Theme/BEDRCK
http://data.bgs.ac.uk/id/Lexicon/NamedRockUnit/RWSL	http://data.bgs.ac.uk/id/Lexicon/Theme/BEDRCK
http://data.bgs.ac.uk/id/Lexicon/NamedRockUnit/TFF	http://data.bgs.ac.uk/id/Lexicon/Theme/BEDRCK
http://data.bgs.ac.uk/id/Lexicon/NamedRockUnit/RAIS	http://data.bgs.ac.uk/id/Lexicon/Theme/BEDRCK
http://data.bgs.ac.uk/id/Lexicon/NamedRockUnit/MOCA	http://data.bgs.ac.uk/id/Lexicon/Theme/BEDRCK
http://data.bgs.ac.uk/id/Lexicon/NamedRockUnit/VAG	http://data.bgs.ac.uk/id/Lexicon/Theme/BEDRCK
http://data.bgs.ac.uk/id/Lexicon/NamedRockUnit/HTA	http://data.bgs.ac.uk/id/Lexicon/Theme/BEDRCK
http://data.bgs.ac.uk/id/Lexicon/NamedRockUnit/MRK	http://data.bgs.ac.uk/id/Lexicon/Theme/BEDRCK
http://data.bgs.ac.uk/id/Lexicon/NamedRockUnit/TBAG	http://data.bgs.ac.uk/id/Lexicon/Theme/BEDRCK
http://data.bgs.ac.uk/id/Lexicon/NamedRockUnit/BHPI	http://data.bgs.ac.uk/id/Lexicon/Theme/BEDRCK
http://data.bgs.ac.uk/id/Lexicon/NamedRockUnit/RLE8	http://data.bgs.ac.uk/id/Lexicon/Theme/BEDRCK
http://data.bgs.ac.uk/id/Lexicon/NamedRockUnit/HACA	http://data.bgs.ac.uk/id/Lexicon/Theme/BEDRCK
http://data.bgs.ac.uk/id/Lexicon/NamedRockUnit/WGNC	http://data.bgs.ac.uk/id/Lexicon/Theme/BEDRCK
http://data.bgs.ac.uk/id/Lexicon/NamedRockUnit/M1C	http://data.bgs.ac.uk/id/Lexicon/Theme/BEDRCK
http://data.bgs.ac.uk/id/Lexicon/NamedRockUnit/ACR	http://data.bgs.ac.uk/id/Lexicon/Theme/BEDRCK
http://data.bgs.ac.uk/id/Lexicon/NamedRockUnit/BNG	http://data.bgs.ac.uk/id/Lexicon/Theme/BEDRCK
http://data.bgs.ac.uk/id/Lexicon/NamedRockUnit/BOHIL	http://data.bgs.ac.uk/id/Lexicon/Theme/BEDRCK
http://data.bgs.ac.uk/id/Lexicon/NamedRockUnit/SHB	http://data.bgs.ac.uk/id/Lexicon/Theme/BEDRCK
http://data.bgs.ac.uk/id/Lexicon/NamedRockUnit/B1WC	http://data.bgs.ac.uk/id/Lexicon/Theme/BEDRCK
http://data.bgs.ac.uk/id/Lexicon/NamedRockUnit/WBS	http://data.bgs.ac.uk/id/Lexicon/Theme/BEDRCK
http://data.bgs.ac.uk/id/Lexicon/NamedRockUnit/TRE	http://data.bgs.ac.uk/id/Lexicon/Theme/BEDRCK
http://data.bgs.ac.uk/id/Lexicon/NamedRockUnit/S3FC	http://data.bgs.ac.uk/id/Lexicon/Theme/BEDRCK
http://data.bgs.ac.uk/id/Lexicon/NamedRockUnit/P3334	http://data.bgs.ac.uk/id/Lexicon/Theme/BEDRCK
http://data.bgs.ac.uk/id/Lexicon/NamedRockUnit/CUIL3	http://data.bgs.ac.uk/id/Lexicon/Theme/BEDRCK
http://data.bgs.ac.uk/id/Lexicon/NamedRockUnit/NBS	http://data.bgs.ac.uk/id/Lexicon/Theme/BEDRCK
http://data.bgs.ac.uk/id/Lexicon/NamedRockUnit/CGCO	http://data.bgs.ac.uk/id/Lexicon/Theme/BEDRCK
http://data.bgs.ac.uk/id/Lexicon/NamedRockUnit/ABKF	http://data.bgs.ac.uk/id/Lexicon/Theme/BEDRCK
http://data.bgs.ac.uk/id/Lexicon/NamedRockUnit/NEF	http://data.bgs.ac.uk/id/Lexicon/Theme/BEDRCK
http://data.bgs.ac.uk/id/Lexicon/NamedRockUnit/STMA	http://data.bgs.ac.uk/id/Lexicon/Theme/BEDRCK
http://data.bgs.ac.uk/id/Lexicon/NamedRockUnit/MNG3	http://data.bgs.ac.uk/id/Lexicon/Theme/BEDRCK
http://data.bgs.ac.uk/id/Lexicon/NamedRockUnit/SADHI	http://data.bgs.ac.uk/id/Lexicon/Theme/BEDRCK
http://data.bgs.ac.uk/id/Lexicon/NamedRockUnit/BRARE	http://data.bgs.ac.uk/id/Lexicon/Theme/BEDRCK
http://data.bgs.ac.uk/id/Lexicon/NamedRockUnit/LAIL	http://data.bgs.ac.uk/id/Lexicon/Theme/BEDRCK
http://data.bgs.ac.uk/id/Lexicon/NamedRockUnit/TB	http://data.bgs.ac.uk/id/Lexicon/Theme/BEDRCK
http://data.bgs.ac.uk/id/Lexicon/NamedRockUnit/LBWL	http://data.bgs.ac.uk/id/Lexicon/Theme/BEDRCK
http://data.bgs.ac.uk/id/Lexicon/NamedRockUnit/CFPI	http://data.bgs.ac.uk/id/Lexicon/Theme/BEDRCK
http://data.bgs.ac.uk/id/Lexicon/NamedRockUnit/WHFS	http://data.bgs.ac.uk/id/Lexicon/Theme/BEDRCK
http://data.bgs.ac.uk/id/Lexicon/NamedRockUnit/LBD	http://data.bgs.ac.uk/id/Lexicon/Theme/SPRFCL
http://data.bgs.ac.uk/id/Lexicon/NamedRockUnit/TAYP	http://data.bgs.ac.uk/id/Lexicon/Theme/BEDRCK
http://data.bgs.ac.uk/id/Lexicon/NamedRockUnit/LAIRG	http://data.bgs.ac.uk/id/Lexicon/Theme/BEDRCK
http://data.bgs.ac.uk/id/Lexicon/NamedRockUnit/PTSL	http://data.bgs.ac.uk/id/Lexicon/Theme/BEDRCK
http://data.bgs.ac.uk/id/Lexicon/NamedRockUnit/SYL	http://data.bgs.ac.uk/id/Lexicon/Theme/BEDRCK
http://data.bgs.ac.uk/id/Lexicon/NamedRockUnit/TNFR	http://data.bgs.ac.uk/id/Lexicon/Theme/BEDRCK
http://data.bgs.ac.uk/id/Lexicon/NamedRockUnit/WESD	http://data.bgs.ac.uk/id/Lexicon/Theme/BEDRCK
http://data.bgs.ac.uk/id/Lexicon/NamedRockUnit/CTGR	http://data.bgs.ac.uk/id/Lexicon/Theme/BEDRCK
http://data.bgs.ac.uk/id/Lexicon/NamedRockUnit/KNS	http://data.bgs.ac.uk/id/Lexicon/Theme/BEDRCK
http://data.bgs.ac.uk/id/Lexicon/NamedRockUnit/DBGQ	http://data.bgs.ac.uk/id/Lexicon/Theme/BEDRCK
http://data.bgs.ac.uk/id/Lexicon/NamedRockUnit/P19	http://data.bgs.ac.uk/id/Lexicon/Theme/BEDRCK
http://data.bgs.ac.uk/id/Lexicon/NamedRockUnit/UEXD	http://data.bgs.ac.uk/id/Lexicon/Theme/BEDRCK
http://data.bgs.ac.uk/id/Lexicon/NamedRockUnit/FLPT	http://data.bgs.ac.uk/id/Lexicon/Theme/SPRFCL
http://data.bgs.ac.uk/id/Lexicon/NamedRockUnit/CORH	http://data.bgs.ac.uk/id/Lexicon/Theme/BEDRCK
http://data.bgs.ac.uk/id/Lexicon/NamedRockUnit/C3B	http://data.bgs.ac.uk/id/Lexicon/Theme/BEDRCK
http://data.bgs.ac.uk/id/Lexicon/NamedRockUnit/MEST	http://data.bgs.ac.uk/id/Lexicon/Theme/BEDRCK
http://data.bgs.ac.uk/id/Lexicon/NamedRockUnit/WFS	http://data.bgs.ac.uk/id/Lexicon/Theme/BEDRCK
http://data.bgs.ac.uk/id/Lexicon/NamedRockUnit/EYL	http://data.bgs.ac.uk/id/Lexicon/Theme/BEDRCK
http://data.bgs.ac.uk/id/Lexicon/NamedRockUnit/PNR	http://data.bgs.ac.uk/id/Lexicon/Theme/BEDRCK
http://data.bgs.ac.uk/id/Lexicon/NamedRockUnit/NBWKL	http://data.bgs.ac.uk/id/Lexicon/Theme/BEDRCK
http://data.bgs.ac.uk/id/Lexicon/NamedRockUnit/MUDL	http://data.bgs.ac.uk/id/Lexicon/Theme/BEDRCK
http://data.bgs.ac.uk/id/Lexicon/NamedRockUnit/PBB	http://data.bgs.ac.uk/id/Lexicon/Theme/BEDRCK
http://data.bgs.ac.uk/id/Lexicon/NamedRockUnit/HENS	http://data.bgs.ac.uk/id/Lexicon/Theme/BEDRCK
http://data.bgs.ac.uk/id/Lexicon/NamedRockUnit/WPA	http://data.bgs.ac.uk/id/Lexicon/Theme/BEDRCK
http://data.bgs.ac.uk/id/Lexicon/NamedRockUnit/DRGR	http://data.bgs.ac.uk/id/Lexicon/Theme/SPRFCL
http://data.bgs.ac.uk/id/Lexicon/NamedRockUnit/CMVC	http://data.bgs.ac.uk/id/Lexicon/Theme/BEDRCK
http://data.bgs.ac.uk/id/Lexicon/NamedRockUnit/TFD1	http://data.bgs.ac.uk/id/Lexicon/Theme/SPRFCL
http://data.bgs.ac.uk/id/Lexicon/NamedRockUnit/CELL	http://data.bgs.ac.uk/id/Lexicon/Theme/BEDRCK
http://data.bgs.ac.uk/id/Lexicon/NamedRockUnit/P3536	http://data.bgs.ac.uk/id/Lexicon/Theme/BEDRCK
http://data.bgs.ac.uk/id/Lexicon/NamedRockUnit/GLFC	http://data.bgs.ac.uk/id/Lexicon/Theme/BEDRCK
http://data.bgs.ac.uk/id/Lexicon/NamedRockUnit/LPIC	http://data.bgs.ac.uk/id/Lexicon/Theme/BEDRCK
http://data.bgs.ac.uk/id/Lexicon/NamedRockUnit/AR2	http://data.bgs.ac.uk/id/Lexicon/Theme/SPRFCL
http://data.bgs.ac.uk/id/Lexicon/NamedRockUnit/CEDU	http://data.bgs.ac.uk/id/Lexicon/Theme/SPRFCL
http://data.bgs.ac.uk/id/Lexicon/NamedRockUnit/HKT	http://data.bgs.ac.uk/id/Lexicon/Theme/BEDRCK
http://data.bgs.ac.uk/id/Lexicon/NamedRockUnit/TVG	http://data.bgs.ac.uk/id/Lexicon/Theme/BEDRCK
http://data.bgs.ac.uk/id/Lexicon/NamedRockUnit/LNDB	http://data.bgs.ac.uk/id/Lexicon/Theme/BEDRCK
http://data.bgs.ac.uk/id/Lexicon/NamedRockUnit/LZ	http://data.bgs.ac.uk/id/Lexicon/Theme/BEDRCK
http://data.bgs.ac.uk/id/Lexicon/NamedRockUnit/NWPL	http://data.bgs.ac.uk/id/Lexicon/Theme/BEDRCK
http://data.bgs.ac.uk/id/Lexicon/NamedRockUnit/UEXAZ	http://data.bgs.ac.uk/id/Lexicon/Theme/BEDRCK
http://data.bgs.ac.uk/id/Lexicon/NamedRockUnit/LTA	http://data.bgs.ac.uk/id/Lexicon/Theme/BEDRCK
http://data.bgs.ac.uk/id/Lexicon/NamedRockUnit/BRETL	http://data.bgs.ac.uk/id/Lexicon/Theme/SPRFCL
http://data.bgs.ac.uk/id/Lexicon/NamedRockUnit/CNAL3	http://data.bgs.ac.uk/id/Lexicon/Theme/BEDRCK
http://data.bgs.ac.uk/id/Lexicon/NamedRockUnit/LSRL	http://data.bgs.ac.uk/id/Lexicon/Theme/BEDRCK
http://data.bgs.ac.uk/id/Lexicon/NamedRockUnit/PGRC	http://data.bgs.ac.uk/id/Lexicon/Theme/BEDRCK
http://data.bgs.ac.uk/id/Lexicon/NamedRockUnit/LDSP	http://data.bgs.ac.uk/id/Lexicon/Theme/BEDRCK
http://data.bgs.ac.uk/id/Lexicon/NamedRockUnit/FTNC	http://data.bgs.ac.uk/id/Lexicon/Theme/BEDRCK
http://data.bgs.ac.uk/id/Lexicon/NamedRockUnit/BCMU	http://data.bgs.ac.uk/id/Lexicon/Theme/BEDRCK
http://data.bgs.ac.uk/id/Lexicon/NamedRockUnit/BTYH	http://data.bgs.ac.uk/id/Lexicon/Theme/BEDRCK
http://data.bgs.ac.uk/id/Lexicon/NamedRockUnit/BEAL	http://data.bgs.ac.uk/id/Lexicon/Theme/BEDRCK
http://data.bgs.ac.uk/id/Lexicon/NamedRockUnit/QBR	http://data.bgs.ac.uk/id/Lexicon/Theme/BEDRCK
http://data.bgs.ac.uk/id/Lexicon/NamedRockUnit/PBCO	http://data.bgs.ac.uk/id/Lexicon/Theme/BEDRCK
http://data.bgs.ac.uk/id/Lexicon/NamedRockUnit/HIRTA	http://data.bgs.ac.uk/id/Lexicon/Theme/BEDRCK
http://data.bgs.ac.uk/id/Lexicon/NamedRockUnit/P18	http://data.bgs.ac.uk/id/Lexicon/Theme/BEDRCK
http://data.bgs.ac.uk/id/Lexicon/NamedRockUnit/AGSI	http://data.bgs.ac.uk/id/Lexicon/Theme/SPRFCL
http://data.bgs.ac.uk/id/Lexicon/NamedRockUnit/LWC	http://data.bgs.ac.uk/id/Lexicon/Theme/BEDRCK
http://data.bgs.ac.uk/id/Lexicon/NamedRockUnit/WLDY	http://data.bgs.ac.uk/id/Lexicon/Theme/BEDRCK
http://data.bgs.ac.uk/id/Lexicon/NamedRockUnit/CARCO	http://data.bgs.ac.uk/id/Lexicon/Theme/BEDRCK
http://data.bgs.ac.uk/id/Lexicon/NamedRockUnit/BBEN	http://data.bgs.ac.uk/id/Lexicon/Theme/BEDRCK
http://data.bgs.ac.uk/id/Lexicon/NamedRockUnit/LJCO	http://data.bgs.ac.uk/id/Lexicon/Theme/BEDRCK
http://data.bgs.ac.uk/id/Lexicon/NamedRockUnit/LCTI	http://data.bgs.ac.uk/id/Lexicon/Theme/SPRFCL
http://data.bgs.ac.uk/id/Lexicon/NamedRockUnit/TILLI	http://data.bgs.ac.uk/id/Lexicon/Theme/SPRFCL
http://data.bgs.ac.uk/id/Lexicon/NamedRockUnit/KNM	http://data.bgs.ac.uk/id/Lexicon/Theme/BEDRCK
http://data.bgs.ac.uk/id/Lexicon/NamedRockUnit/TCRS	http://data.bgs.ac.uk/id/Lexicon/Theme/BEDRCK
http://data.bgs.ac.uk/id/Lexicon/NamedRockUnit/KILNC	http://data.bgs.ac.uk/id/Lexicon/Theme/BEDRCK
http://data.bgs.ac.uk/id/Lexicon/NamedRockUnit/CHMB	http://data.bgs.ac.uk/id/Lexicon/Theme/BEDRCK
http://data.bgs.ac.uk/id/Lexicon/NamedRockUnit/CLI	http://data.bgs.ac.uk/id/Lexicon/Theme/BEDRCK
http://data.bgs.ac.uk/id/Lexicon/NamedRockUnit/LYC	http://data.bgs.ac.uk/id/Lexicon/Theme/BEDRCK
http://data.bgs.ac.uk/id/Lexicon/NamedRockUnit/CRFJ	http://data.bgs.ac.uk/id/Lexicon/Theme/BEDRCK
http://data.bgs.ac.uk/id/Lexicon/NamedRockUnit/GLO	http://data.bgs.ac.uk/id/Lexicon/Theme/SPRFCL
http://data.bgs.ac.uk/id/Lexicon/NamedRockUnit/DGM	http://data.bgs.ac.uk/id/Lexicon/Theme/BEDRCK
http://data.bgs.ac.uk/id/Lexicon/NamedRockUnit/WALL	http://data.bgs.ac.uk/id/Lexicon/Theme/BEDRCK
http://data.bgs.ac.uk/id/Lexicon/NamedRockUnit/CEU	http://data.bgs.ac.uk/id/Lexicon/Theme/BEDRCK
http://data.bgs.ac.uk/id/Lexicon/NamedRockUnit/FINC	http://data.bgs.ac.uk/id/Lexicon/Theme/BEDRCK
http://data.bgs.ac.uk/id/Lexicon/NamedRockUnit/SAL	http://data.bgs.ac.uk/id/Lexicon/Theme/BEDRCK
http://data.bgs.ac.uk/id/Lexicon/NamedRockUnit/OK1T2	http://data.bgs.ac.uk/id/Lexicon/Theme/SPRFCL
http://data.bgs.ac.uk/id/Lexicon/NamedRockUnit/BLF	http://data.bgs.ac.uk/id/Lexicon/Theme/BEDRCK
http://data.bgs.ac.uk/id/Lexicon/NamedRockUnit/KCB	http://data.bgs.ac.uk/id/Lexicon/Theme/BEDRCK
http://data.bgs.ac.uk/id/Lexicon/NamedRockUnit/WHP	http://data.bgs.ac.uk/id/Lexicon/Theme/BEDRCK
http://data.bgs.ac.uk/id/Lexicon/NamedRockUnit/MGN	http://data.bgs.ac.uk/id/Lexicon/Theme/BEDRCK
http://data.bgs.ac.uk/id/Lexicon/NamedRockUnit/RDSG	http://data.bgs.ac.uk/id/Lexicon/Theme/SPRFCL
http://data.bgs.ac.uk/id/Lexicon/NamedRockUnit/RVAL	http://data.bgs.ac.uk/id/Lexicon/Theme/BEDRCK
http://data.bgs.ac.uk/id/Lexicon/NamedRockUnit/PCM	http://data.bgs.ac.uk/id/Lexicon/Theme/BEDRCK
http://data.bgs.ac.uk/id/Lexicon/NamedRockUnit/STS	http://data.bgs.ac.uk/id/Lexicon/Theme/BEDRCK
http://data.bgs.ac.uk/id/Lexicon/NamedRockUnit/DAOF	http://data.bgs.ac.uk/id/Lexicon/Theme/BEDRCK
http://data.bgs.ac.uk/id/Lexicon/NamedRockUnit/NAVN	http://data.bgs.ac.uk/id/Lexicon/Theme/BEDRCK
http://data.bgs.ac.uk/id/Lexicon/NamedRockUnit/N1LC	http://data.bgs.ac.uk/id/Lexicon/Theme/BEDRCK
http://data.bgs.ac.uk/id/Lexicon/NamedRockUnit/BAS	http://data.bgs.ac.uk/id/Lexicon/Theme/BEDRCK
http://data.bgs.ac.uk/id/Lexicon/NamedRockUnit/MULDI	http://data.bgs.ac.uk/id/Lexicon/Theme/BEDRCK
http://data.bgs.ac.uk/id/Lexicon/NamedRockUnit/BWTI	http://data.bgs.ac.uk/id/Lexicon/Theme/SPRFCL
http://data.bgs.ac.uk/id/Lexicon/NamedRockUnit/WRSB	http://data.bgs.ac.uk/id/Lexicon/Theme/BEDRCK
http://data.bgs.ac.uk/id/Lexicon/NamedRockUnit/DYRC	http://data.bgs.ac.uk/id/Lexicon/Theme/BEDRCK
http://data.bgs.ac.uk/id/Lexicon/NamedRockUnit/BLRS	http://data.bgs.ac.uk/id/Lexicon/Theme/BEDRCK
http://data.bgs.ac.uk/id/Lexicon/NamedRockUnit/RTDX	http://data.bgs.ac.uk/id/Lexicon/Theme/SPRFCL
http://data.bgs.ac.uk/id/Lexicon/NamedRockUnit/RTSZ	http://data.bgs.ac.uk/id/Lexicon/Theme/BEDRCK
http://data.bgs.ac.uk/id/Lexicon/NamedRockUnit/DHMR	http://data.bgs.ac.uk/id/Lexicon/Theme/BEDRCK
http://data.bgs.ac.uk/id/Lexicon/NamedRockUnit/BKGR	http://data.bgs.ac.uk/id/Lexicon/Theme/SPRFCL
http://data.bgs.ac.uk/id/Lexicon/NamedRockUnit/PMCM	http://data.bgs.ac.uk/id/Lexicon/Theme/BEDRCK
http://data.bgs.ac.uk/id/Lexicon/NamedRockUnit/KIPH	http://data.bgs.ac.uk/id/Lexicon/Theme/BEDRCK
http://data.bgs.ac.uk/id/Lexicon/NamedRockUnit/SCBL	http://data.bgs.ac.uk/id/Lexicon/Theme/BEDRCK
http://data.bgs.ac.uk/id/Lexicon/NamedRockUnit/BOQ	http://data.bgs.ac.uk/id/Lexicon/Theme/BEDRCK
http://data.bgs.ac.uk/id/Lexicon/NamedRockUnit/CALIM	http://data.bgs.ac.uk/id/Lexicon/Theme/BEDRCK
http://data.bgs.ac.uk/id/Lexicon/NamedRockUnit/ARST	http://data.bgs.ac.uk/id/Lexicon/Theme/BEDRCK
http://data.bgs.ac.uk/id/Lexicon/NamedRockUnit/CHRM	http://data.bgs.ac.uk/id/Lexicon/Theme/BEDRCK
http://data.bgs.ac.uk/id/Lexicon/NamedRockUnit/CEBS	http://data.bgs.ac.uk/id/Lexicon/Theme/BEDRCK
http://data.bgs.ac.uk/id/Lexicon/NamedRockUnit/BES	http://data.bgs.ac.uk/id/Lexicon/Theme/BEDRCK
http://data.bgs.ac.uk/id/Lexicon/NamedRockUnit/INCO	http://data.bgs.ac.uk/id/Lexicon/Theme/BEDRCK
http://data.bgs.ac.uk/id/Lexicon/NamedRockUnit/RMDD	http://data.bgs.ac.uk/id/Lexicon/Theme/SPRFCL
http://data.bgs.ac.uk/id/Lexicon/NamedRockUnit/GRBW	http://data.bgs.ac.uk/id/Lexicon/Theme/BEDRCK
http://data.bgs.ac.uk/id/Lexicon/NamedRockUnit/CLCL	http://data.bgs.ac.uk/id/Lexicon/Theme/BEDRCK
http://data.bgs.ac.uk/id/Lexicon/NamedRockUnit/SPPS	http://data.bgs.ac.uk/id/Lexicon/Theme/BEDRCK
http://data.bgs.ac.uk/id/Lexicon/NamedRockUnit/WIHG	http://data.bgs.ac.uk/id/Lexicon/Theme/SPRFCL
http://data.bgs.ac.uk/id/Lexicon/NamedRockUnit/NGRC	http://data.bgs.ac.uk/id/Lexicon/Theme/BEDRCK
http://data.bgs.ac.uk/id/Lexicon/NamedRockUnit/DBOF	http://data.bgs.ac.uk/id/Lexicon/Theme/BEDRCK
http://data.bgs.ac.uk/id/Lexicon/NamedRockUnit/ABMR	http://data.bgs.ac.uk/id/Lexicon/Theme/BEDRCK
http://data.bgs.ac.uk/id/Lexicon/NamedRockUnit/TBNC	http://data.bgs.ac.uk/id/Lexicon/Theme/BEDRCK
http://data.bgs.ac.uk/id/Lexicon/NamedRockUnit/DOXC	http://data.bgs.ac.uk/id/Lexicon/Theme/BEDRCK
http://data.bgs.ac.uk/id/Lexicon/NamedRockUnit/PRHM	http://data.bgs.ac.uk/id/Lexicon/Theme/BEDRCK
http://data.bgs.ac.uk/id/Lexicon/NamedRockUnit/SDM	http://data.bgs.ac.uk/id/Lexicon/Theme/BEDRCK
http://data.bgs.ac.uk/id/Lexicon/NamedRockUnit/DCML	http://data.bgs.ac.uk/id/Lexicon/Theme/BEDRCK
http://data.bgs.ac.uk/id/Lexicon/NamedRockUnit/BONH	http://data.bgs.ac.uk/id/Lexicon/Theme/BEDRCK
http://data.bgs.ac.uk/id/Lexicon/NamedRockUnit/DAAQ	http://data.bgs.ac.uk/id/Lexicon/Theme/BEDRCK
http://data.bgs.ac.uk/id/Lexicon/NamedRockUnit/CVN	http://data.bgs.ac.uk/id/Lexicon/Theme/BEDRCK
http://data.bgs.ac.uk/id/Lexicon/NamedRockUnit/PONR	http://data.bgs.ac.uk/id/Lexicon/Theme/BEDRCK
http://data.bgs.ac.uk/id/Lexicon/NamedRockUnit/RWV	http://data.bgs.ac.uk/id/Lexicon/Theme/BEDRCK
http://data.bgs.ac.uk/id/Lexicon/NamedRockUnit/IHEB	http://data.bgs.ac.uk/id/Lexicon/Theme/BEDRCK
http://data.bgs.ac.uk/id/Lexicon/NamedRockUnit/EXFL	http://data.bgs.ac.uk/id/Lexicon/Theme/BEDRCK
http://data.bgs.ac.uk/id/Lexicon/NamedRockUnit/CFFC	http://data.bgs.ac.uk/id/Lexicon/Theme/BEDRCK
http://data.bgs.ac.uk/id/Lexicon/NamedRockUnit/MDF	http://data.bgs.ac.uk/id/Lexicon/Theme/BEDRCK
http://data.bgs.ac.uk/id/Lexicon/NamedRockUnit/SUSA	http://data.bgs.ac.uk/id/Lexicon/Theme/BEDRCK
http://data.bgs.ac.uk/id/Lexicon/NamedRockUnit/KT	http://data.bgs.ac.uk/id/Lexicon/Theme/BEDRCK
http://data.bgs.ac.uk/id/Lexicon/NamedRockUnit/RHUMC	http://data.bgs.ac.uk/id/Lexicon/Theme/BEDRCK
http://data.bgs.ac.uk/id/Lexicon/NamedRockUnit/SRSM	http://data.bgs.ac.uk/id/Lexicon/Theme/BEDRCK
http://data.bgs.ac.uk/id/Lexicon/NamedRockUnit/HURC	http://data.bgs.ac.uk/id/Lexicon/Theme/BEDRCK
http://data.bgs.ac.uk/id/Lexicon/NamedRockUnit/BIDY	http://data.bgs.ac.uk/id/Lexicon/Theme/BEDRCK
http://data.bgs.ac.uk/id/Lexicon/NamedRockUnit/ARSS	http://data.bgs.ac.uk/id/Lexicon/Theme/BEDRCK
http://data.bgs.ac.uk/id/Lexicon/NamedRockUnit/MSCO	http://data.bgs.ac.uk/id/Lexicon/Theme/BEDRCK
http://data.bgs.ac.uk/id/Lexicon/NamedRockUnit/DNML	http://data.bgs.ac.uk/id/Lexicon/Theme/BEDRCK
http://data.bgs.ac.uk/id/Lexicon/NamedRockUnit/MUP	http://data.bgs.ac.uk/id/Lexicon/Theme/BEDRCK
http://data.bgs.ac.uk/id/Lexicon/NamedRockUnit/RADC	http://data.bgs.ac.uk/id/Lexicon/Theme/BEDRCK
http://data.bgs.ac.uk/id/Lexicon/NamedRockUnit/NRD	http://data.bgs.ac.uk/id/Lexicon/Theme/SPRFCL
http://data.bgs.ac.uk/id/Lexicon/NamedRockUnit/BNKS	http://data.bgs.ac.uk/id/Lexicon/Theme/BEDRCK
http://data.bgs.ac.uk/id/Lexicon/NamedRockUnit/HHWY	http://data.bgs.ac.uk/id/Lexicon/Theme/BEDRCK
http://data.bgs.ac.uk/id/Lexicon/NamedRockUnit/NESE	http://data.bgs.ac.uk/id/Lexicon/Theme/BEDRCK
http://data.bgs.ac.uk/id/Lexicon/NamedRockUnit/TLM	http://data.bgs.ac.uk/id/Lexicon/Theme/BEDRCK
http://data.bgs.ac.uk/id/Lexicon/NamedRockUnit/LACDI	http://data.bgs.ac.uk/id/Lexicon/Theme/SPRFCL
http://data.bgs.ac.uk/id/Lexicon/NamedRockUnit/SBRY	http://data.bgs.ac.uk/id/Lexicon/Theme/SPRFCL
http://data.bgs.ac.uk/id/Lexicon/NamedRockUnit/CRCS	http://data.bgs.ac.uk/id/Lexicon/Theme/BEDRCK
http://data.bgs.ac.uk/id/Lexicon/NamedRockUnit/DBPE	http://data.bgs.ac.uk/id/Lexicon/Theme/BEDRCK
http://data.bgs.ac.uk/id/Lexicon/NamedRockUnit/YCSL	http://data.bgs.ac.uk/id/Lexicon/Theme/BEDRCK
http://data.bgs.ac.uk/id/Lexicon/NamedRockUnit/RFQ	http://data.bgs.ac.uk/id/Lexicon/Theme/BEDRCK
http://data.bgs.ac.uk/id/Lexicon/NamedRockUnit/EDG	http://data.bgs.ac.uk/id/Lexicon/Theme/BEDRCK
http://data.bgs.ac.uk/id/Lexicon/NamedRockUnit/BERI3	http://data.bgs.ac.uk/id/Lexicon/Theme/BEDRCK
http://data.bgs.ac.uk/id/Lexicon/NamedRockUnit/GOSI	http://data.bgs.ac.uk/id/Lexicon/Theme/SPRFCL
http://data.bgs.ac.uk/id/Lexicon/NamedRockUnit/WSS	http://data.bgs.ac.uk/id/Lexicon/Theme/BEDRCK
http://data.bgs.ac.uk/id/Lexicon/NamedRockUnit/KILI	http://data.bgs.ac.uk/id/Lexicon/Theme/BEDRCK
http://data.bgs.ac.uk/id/Lexicon/NamedRockUnit/ULLB	http://data.bgs.ac.uk/id/Lexicon/Theme/BEDRCK
http://data.bgs.ac.uk/id/Lexicon/NamedRockUnit/GNKY	http://data.bgs.ac.uk/id/Lexicon/Theme/BEDRCK
http://data.bgs.ac.uk/id/Lexicon/NamedRockUnit/BETP	http://data.bgs.ac.uk/id/Lexicon/Theme/BEDRCK
http://data.bgs.ac.uk/id/Lexicon/NamedRockUnit/RYCL	http://data.bgs.ac.uk/id/Lexicon/Theme/SPRFCL
http://data.bgs.ac.uk/id/Lexicon/NamedRockUnit/PRO	http://data.bgs.ac.uk/id/Lexicon/Theme/BEDRCK
http://data.bgs.ac.uk/id/Lexicon/NamedRockUnit/LOC	http://data.bgs.ac.uk/id/Lexicon/Theme/BEDRCK
http://data.bgs.ac.uk/id/Lexicon/NamedRockUnit/DGW	http://data.bgs.ac.uk/id/Lexicon/Theme/BEDRCK
http://data.bgs.ac.uk/id/Lexicon/NamedRockUnit/DBGL	http://data.bgs.ac.uk/id/Lexicon/Theme/BEDRCK
http://data.bgs.ac.uk/id/Lexicon/NamedRockUnit/DEL	http://data.bgs.ac.uk/id/Lexicon/Theme/BEDRCK
http://data.bgs.ac.uk/id/Lexicon/NamedRockUnit/DKSA	http://data.bgs.ac.uk/id/Lexicon/Theme/BEDRCK
http://data.bgs.ac.uk/id/Lexicon/NamedRockUnit/BNCH	http://data.bgs.ac.uk/id/Lexicon/Theme/BEDRCK
http://data.bgs.ac.uk/id/Lexicon/NamedRockUnit/OACO	http://data.bgs.ac.uk/id/Lexicon/Theme/BEDRCK
http://data.bgs.ac.uk/id/Lexicon/NamedRockUnit/STYC	http://data.bgs.ac.uk/id/Lexicon/Theme/BEDRCK
http://data.bgs.ac.uk/id/Lexicon/NamedRockUnit/WY	http://data.bgs.ac.uk/id/Lexicon/Theme/BEDRCK
http://data.bgs.ac.uk/id/Lexicon/NamedRockUnit/HKYL	http://data.bgs.ac.uk/id/Lexicon/Theme/BEDRCK
http://data.bgs.ac.uk/id/Lexicon/NamedRockUnit/CLFL	http://data.bgs.ac.uk/id/Lexicon/Theme/BEDRCK
http://data.bgs.ac.uk/id/Lexicon/NamedRockUnit/GOWN	http://data.bgs.ac.uk/id/Lexicon/Theme/BEDRCK
http://data.bgs.ac.uk/id/Lexicon/NamedRockUnit/SAHP	http://data.bgs.ac.uk/id/Lexicon/Theme/BEDRCK
http://data.bgs.ac.uk/id/Lexicon/NamedRockUnit/DOU	http://data.bgs.ac.uk/id/Lexicon/Theme/BEDRCK
http://data.bgs.ac.uk/id/Lexicon/NamedRockUnit/GLOS	http://data.bgs.ac.uk/id/Lexicon/Theme/SPRFCL
http://data.bgs.ac.uk/id/Lexicon/NamedRockUnit/RGT	http://data.bgs.ac.uk/id/Lexicon/Theme/BEDRCK
http://data.bgs.ac.uk/id/Lexicon/NamedRockUnit/DHGR	http://data.bgs.ac.uk/id/Lexicon/Theme/SPRFCL
http://data.bgs.ac.uk/id/Lexicon/NamedRockUnit/DAIG	http://data.bgs.ac.uk/id/Lexicon/Theme/BEDRCK
http://data.bgs.ac.uk/id/Lexicon/NamedRockUnit/URA	http://data.bgs.ac.uk/id/Lexicon/Theme/BEDRCK
http://data.bgs.ac.uk/id/Lexicon/NamedRockUnit/NMSC	http://data.bgs.ac.uk/id/Lexicon/Theme/BEDRCK
http://data.bgs.ac.uk/id/Lexicon/NamedRockUnit/AEX	http://data.bgs.ac.uk/id/Lexicon/Theme/BEDRCK
http://data.bgs.ac.uk/id/Lexicon/NamedRockUnit/BHPD	http://data.bgs.ac.uk/id/Lexicon/Theme/BEDRCK
http://data.bgs.ac.uk/id/Lexicon/NamedRockUnit/CORS	http://data.bgs.ac.uk/id/Lexicon/Theme/SPRFCL
http://data.bgs.ac.uk/id/Lexicon/NamedRockUnit/MMSL	http://data.bgs.ac.uk/id/Lexicon/Theme/BEDRCK
http://data.bgs.ac.uk/id/Lexicon/NamedRockUnit/BRDY	http://data.bgs.ac.uk/id/Lexicon/Theme/BEDRCK
http://data.bgs.ac.uk/id/Lexicon/NamedRockUnit/ACM	http://data.bgs.ac.uk/id/Lexicon/Theme/BEDRCK
http://data.bgs.ac.uk/id/Lexicon/NamedRockUnit/HOF	http://data.bgs.ac.uk/id/Lexicon/Theme/BEDRCK
http://data.bgs.ac.uk/id/Lexicon/NamedRockUnit/PE	http://data.bgs.ac.uk/id/Lexicon/Theme/SPRFCL
http://data.bgs.ac.uk/id/Lexicon/NamedRockUnit/CDMR	http://data.bgs.ac.uk/id/Lexicon/Theme/BEDRCK
http://data.bgs.ac.uk/id/Lexicon/NamedRockUnit/DOS	http://data.bgs.ac.uk/id/Lexicon/Theme/SPRFCL
http://data.bgs.ac.uk/id/Lexicon/NamedRockUnit/BDHV	http://data.bgs.ac.uk/id/Lexicon/Theme/BEDRCK
http://data.bgs.ac.uk/id/Lexicon/NamedRockUnit/MEVA	http://data.bgs.ac.uk/id/Lexicon/Theme/SPRFCL
http://data.bgs.ac.uk/id/Lexicon/NamedRockUnit/MUR	http://data.bgs.ac.uk/id/Lexicon/Theme/BEDRCK
http://data.bgs.ac.uk/id/Lexicon/NamedRockUnit/UMIL	http://data.bgs.ac.uk/id/Lexicon/Theme/BEDRCK
http://data.bgs.ac.uk/id/Lexicon/NamedRockUnit/LIKB	http://data.bgs.ac.uk/id/Lexicon/Theme/BEDRCK
http://data.bgs.ac.uk/id/Lexicon/NamedRockUnit/GCCO	http://data.bgs.ac.uk/id/Lexicon/Theme/BEDRCK
http://data.bgs.ac.uk/id/Lexicon/NamedRockUnit/STOHD	http://data.bgs.ac.uk/id/Lexicon/Theme/BEDRCK
http://data.bgs.ac.uk/id/Lexicon/NamedRockUnit/NAMA1	http://data.bgs.ac.uk/id/Lexicon/Theme/BEDRCK
http://data.bgs.ac.uk/id/Lexicon/NamedRockUnit/CLOCL	http://data.bgs.ac.uk/id/Lexicon/Theme/SPRFCL
http://data.bgs.ac.uk/id/Lexicon/NamedRockUnit/BAYL	http://data.bgs.ac.uk/id/Lexicon/Theme/BEDRCK
http://data.bgs.ac.uk/id/Lexicon/NamedRockUnit/STMS	http://data.bgs.ac.uk/id/Lexicon/Theme/BEDRCK
http://data.bgs.ac.uk/id/Lexicon/NamedRockUnit/LEKI	http://data.bgs.ac.uk/id/Lexicon/Theme/BEDRCK
http://data.bgs.ac.uk/id/Lexicon/NamedRockUnit/COCM	http://data.bgs.ac.uk/id/Lexicon/Theme/BEDRCK
http://data.bgs.ac.uk/id/Lexicon/NamedRockUnit/REA	http://data.bgs.ac.uk/id/Lexicon/Theme/BEDRCK
http://data.bgs.ac.uk/id/Lexicon/NamedRockUnit/RMLY	http://data.bgs.ac.uk/id/Lexicon/Theme/SPRFCL
http://data.bgs.ac.uk/id/Lexicon/NamedRockUnit/TESH	http://data.bgs.ac.uk/id/Lexicon/Theme/BEDRCK
http://data.bgs.ac.uk/id/Lexicon/NamedRockUnit/SPC	http://data.bgs.ac.uk/id/Lexicon/Theme/BEDRCK
http://data.bgs.ac.uk/id/Lexicon/NamedRockUnit/FRIS	http://data.bgs.ac.uk/id/Lexicon/Theme/BEDRCK
http://data.bgs.ac.uk/id/Lexicon/NamedRockUnit/FAIR	http://data.bgs.ac.uk/id/Lexicon/Theme/BEDRCK
http://data.bgs.ac.uk/id/Lexicon/NamedRockUnit/BNCC	http://data.bgs.ac.uk/id/Lexicon/Theme/BEDRCK
http://data.bgs.ac.uk/id/Lexicon/NamedRockUnit/UCSS	http://data.bgs.ac.uk/id/Lexicon/Theme/BEDRCK
http://data.bgs.ac.uk/id/Lexicon/NamedRockUnit/HMG	http://data.bgs.ac.uk/id/Lexicon/Theme/BEDRCK
http://data.bgs.ac.uk/id/Lexicon/NamedRockUnit/GUCO	http://data.bgs.ac.uk/id/Lexicon/Theme/BEDRCK
http://data.bgs.ac.uk/id/Lexicon/NamedRockUnit/DPS	http://data.bgs.ac.uk/id/Lexicon/Theme/BEDRCK
http://data.bgs.ac.uk/id/Lexicon/NamedRockUnit/SILU	http://data.bgs.ac.uk/id/Lexicon/Theme/BEDRCK
http://data.bgs.ac.uk/id/Lexicon/NamedRockUnit/BGLM	http://data.bgs.ac.uk/id/Lexicon/Theme/BEDRCK
http://data.bgs.ac.uk/id/Lexicon/NamedRockUnit/MTS	http://data.bgs.ac.uk/id/Lexicon/Theme/BEDRCK
http://data.bgs.ac.uk/id/Lexicon/NamedRockUnit/TOOM	http://data.bgs.ac.uk/id/Lexicon/Theme/BEDRCK
http://data.bgs.ac.uk/id/Lexicon/NamedRockUnit/BTMV	http://data.bgs.ac.uk/id/Lexicon/Theme/BEDRCK
http://data.bgs.ac.uk/id/Lexicon/NamedRockUnit/SHDER	http://data.bgs.ac.uk/id/Lexicon/Theme/BEDRCK
http://data.bgs.ac.uk/id/Lexicon/NamedRockUnit/TLEE	http://data.bgs.ac.uk/id/Lexicon/Theme/BEDRCK
http://data.bgs.ac.uk/id/Lexicon/NamedRockUnit/GFSDA	http://data.bgs.ac.uk/id/Lexicon/Theme/SPRFCL
http://data.bgs.ac.uk/id/Lexicon/NamedRockUnit/BALD	http://data.bgs.ac.uk/id/Lexicon/Theme/BEDRCK
http://data.bgs.ac.uk/id/Lexicon/NamedRockUnit/P22	http://data.bgs.ac.uk/id/Lexicon/Theme/BEDRCK
http://data.bgs.ac.uk/id/Lexicon/NamedRockUnit/BHVF	http://data.bgs.ac.uk/id/Lexicon/Theme/BEDRCK
http://data.bgs.ac.uk/id/Lexicon/NamedRockUnit/KILD	http://data.bgs.ac.uk/id/Lexicon/Theme/BEDRCK
http://data.bgs.ac.uk/id/Lexicon/NamedRockUnit/BSLTC	http://data.bgs.ac.uk/id/Lexicon/Theme/BEDRCK
http://data.bgs.ac.uk/id/Lexicon/NamedRockUnit/CCG	http://data.bgs.ac.uk/id/Lexicon/Theme/BEDRCK
http://data.bgs.ac.uk/id/Lexicon/NamedRockUnit/LHL	http://data.bgs.ac.uk/id/Lexicon/Theme/BEDRCK
http://data.bgs.ac.uk/id/Lexicon/NamedRockUnit/DMB	http://data.bgs.ac.uk/id/Lexicon/Theme/BEDRCK
http://data.bgs.ac.uk/id/Lexicon/NamedRockUnit/OXBC	http://data.bgs.ac.uk/id/Lexicon/Theme/BEDRCK
http://data.bgs.ac.uk/id/Lexicon/NamedRockUnit/OVENC	http://data.bgs.ac.uk/id/Lexicon/Theme/BEDRCK
http://data.bgs.ac.uk/id/Lexicon/NamedRockUnit/TEAS	http://data.bgs.ac.uk/id/Lexicon/Theme/BEDRCK
http://data.bgs.ac.uk/id/Lexicon/NamedRockUnit/LUNV	http://data.bgs.ac.uk/id/Lexicon/Theme/SPRFCL
http://data.bgs.ac.uk/id/Lexicon/NamedRockUnit/WAGT	http://data.bgs.ac.uk/id/Lexicon/Theme/BEDRCK
http://data.bgs.ac.uk/id/Lexicon/NamedRockUnit/LPGO	http://data.bgs.ac.uk/id/Lexicon/Theme/BEDRCK
http://data.bgs.ac.uk/id/Lexicon/NamedRockUnit/KERI	http://data.bgs.ac.uk/id/Lexicon/Theme/BEDRCK
http://data.bgs.ac.uk/id/Lexicon/NamedRockUnit/GLTS	http://data.bgs.ac.uk/id/Lexicon/Theme/BEDRCK
http://data.bgs.ac.uk/id/Lexicon/NamedRockUnit/GAPS	http://data.bgs.ac.uk/id/Lexicon/Theme/BEDRCK
http://data.bgs.ac.uk/id/Lexicon/NamedRockUnit/KITU	http://data.bgs.ac.uk/id/Lexicon/Theme/BEDRCK
http://data.bgs.ac.uk/id/Lexicon/NamedRockUnit/RMD	http://data.bgs.ac.uk/id/Lexicon/Theme/SPRFCL
http://data.bgs.ac.uk/id/Lexicon/NamedRockUnit/RTL	http://data.bgs.ac.uk/id/Lexicon/Theme/SPRFCL
http://data.bgs.ac.uk/id/Lexicon/NamedRockUnit/GWL	http://data.bgs.ac.uk/id/Lexicon/Theme/BEDRCK
http://data.bgs.ac.uk/id/Lexicon/NamedRockUnit/WCB	http://data.bgs.ac.uk/id/Lexicon/Theme/BEDRCK
http://data.bgs.ac.uk/id/Lexicon/NamedRockUnit/PMSH	http://data.bgs.ac.uk/id/Lexicon/Theme/BEDRCK
http://data.bgs.ac.uk/id/Lexicon/NamedRockUnit/DBLW	http://data.bgs.ac.uk/id/Lexicon/Theme/BEDRCK
http://data.bgs.ac.uk/id/Lexicon/NamedRockUnit/DRBG	http://data.bgs.ac.uk/id/Lexicon/Theme/SPRFCL
http://data.bgs.ac.uk/id/Lexicon/NamedRockUnit/USI	http://data.bgs.ac.uk/id/Lexicon/Theme/SPRFCL
http://data.bgs.ac.uk/id/Lexicon/NamedRockUnit/WDCO	http://data.bgs.ac.uk/id/Lexicon/Theme/BEDRCK
http://data.bgs.ac.uk/id/Lexicon/NamedRockUnit/CGEL	http://data.bgs.ac.uk/id/Lexicon/Theme/SPRFCL
http://data.bgs.ac.uk/id/Lexicon/NamedRockUnit/KDM	http://data.bgs.ac.uk/id/Lexicon/Theme/BEDRCK
http://data.bgs.ac.uk/id/Lexicon/NamedRockUnit/NESA	http://data.bgs.ac.uk/id/Lexicon/Theme/BEDRCK
http://data.bgs.ac.uk/id/Lexicon/NamedRockUnit/EFFC	http://data.bgs.ac.uk/id/Lexicon/Theme/BEDRCK
http://data.bgs.ac.uk/id/Lexicon/NamedRockUnit/HHI	http://data.bgs.ac.uk/id/Lexicon/Theme/BEDRCK
http://data.bgs.ac.uk/id/Lexicon/NamedRockUnit/SPOT	http://data.bgs.ac.uk/id/Lexicon/Theme/BEDRCK
http://data.bgs.ac.uk/id/Lexicon/NamedRockUnit/ROHG	http://data.bgs.ac.uk/id/Lexicon/Theme/BEDRCK
http://data.bgs.ac.uk/id/Lexicon/NamedRockUnit/MANSE	http://data.bgs.ac.uk/id/Lexicon/Theme/SPRFCL
http://data.bgs.ac.uk/id/Lexicon/NamedRockUnit/LDE2	http://data.bgs.ac.uk/id/Lexicon/Theme/SPRFCL
http://data.bgs.ac.uk/id/Lexicon/NamedRockUnit/LUG4	http://data.bgs.ac.uk/id/Lexicon/Theme/SPRFCL
http://data.bgs.ac.uk/id/Lexicon/NamedRockUnit/SBSM	http://data.bgs.ac.uk/id/Lexicon/Theme/BEDRCK
http://data.bgs.ac.uk/id/Lexicon/NamedRockUnit/UIPEC	http://data.bgs.ac.uk/id/Lexicon/Theme/BEDRCK
http://data.bgs.ac.uk/id/Lexicon/NamedRockUnit/MCLB	http://data.bgs.ac.uk/id/Lexicon/Theme/BEDRCK
http://data.bgs.ac.uk/id/Lexicon/NamedRockUnit/CH2L	http://data.bgs.ac.uk/id/Lexicon/Theme/BEDRCK
http://data.bgs.ac.uk/id/Lexicon/NamedRockUnit/CLFN	http://data.bgs.ac.uk/id/Lexicon/Theme/BEDRCK
http://data.bgs.ac.uk/id/Lexicon/NamedRockUnit/BALC	http://data.bgs.ac.uk/id/Lexicon/Theme/BEDRCK
http://data.bgs.ac.uk/id/Lexicon/NamedRockUnit/ANSH	http://data.bgs.ac.uk/id/Lexicon/Theme/BEDRCK
http://data.bgs.ac.uk/id/Lexicon/NamedRockUnit/GSCO	http://data.bgs.ac.uk/id/Lexicon/Theme/BEDRCK
http://data.bgs.ac.uk/id/Lexicon/NamedRockUnit/PNLS	http://data.bgs.ac.uk/id/Lexicon/Theme/BEDRCK
http://data.bgs.ac.uk/id/Lexicon/NamedRockUnit/DDC	http://data.bgs.ac.uk/id/Lexicon/Theme/BEDRCK
http://data.bgs.ac.uk/id/Lexicon/NamedRockUnit/ARTI	http://data.bgs.ac.uk/id/Lexicon/Theme/SPRFCL
http://data.bgs.ac.uk/id/Lexicon/NamedRockUnit/HTCO	http://data.bgs.ac.uk/id/Lexicon/Theme/BEDRCK
http://data.bgs.ac.uk/id/Lexicon/NamedRockUnit/SWINC	http://data.bgs.ac.uk/id/Lexicon/Theme/BEDRCK
http://data.bgs.ac.uk/id/Lexicon/NamedRockUnit/DE	http://data.bgs.ac.uk/id/Lexicon/Theme/BEDRCK
http://data.bgs.ac.uk/id/Lexicon/NamedRockUnit/DBAF	http://data.bgs.ac.uk/id/Lexicon/Theme/BEDRCK
http://data.bgs.ac.uk/id/Lexicon/NamedRockUnit/RRS	http://data.bgs.ac.uk/id/Lexicon/Theme/BEDRCK
http://data.bgs.ac.uk/id/Lexicon/NamedRockUnit/AR2A	http://data.bgs.ac.uk/id/Lexicon/Theme/SPRFCL
http://data.bgs.ac.uk/id/Lexicon/NamedRockUnit/BAN	http://data.bgs.ac.uk/id/Lexicon/Theme/BEDRCK
http://data.bgs.ac.uk/id/Lexicon/NamedRockUnit/GES	http://data.bgs.ac.uk/id/Lexicon/Theme/BEDRCK
http://data.bgs.ac.uk/id/Lexicon/NamedRockUnit/LIMN	http://data.bgs.ac.uk/id/Lexicon/Theme/BEDRCK
http://data.bgs.ac.uk/id/Lexicon/NamedRockUnit/TOSM	http://data.bgs.ac.uk/id/Lexicon/Theme/BEDRCK
http://data.bgs.ac.uk/id/Lexicon/NamedRockUnit/GNNS	http://data.bgs.ac.uk/id/Lexicon/Theme/BEDRCK
http://data.bgs.ac.uk/id/Lexicon/NamedRockUnit/WPLS	http://data.bgs.ac.uk/id/Lexicon/Theme/BEDRCK
http://data.bgs.ac.uk/id/Lexicon/NamedRockUnit/CRYH	http://data.bgs.ac.uk/id/Lexicon/Theme/BEDRCK
http://data.bgs.ac.uk/id/Lexicon/NamedRockUnit/CBBI	http://data.bgs.ac.uk/id/Lexicon/Theme/BEDRCK
http://data.bgs.ac.uk/id/Lexicon/NamedRockUnit/LNL	http://data.bgs.ac.uk/id/Lexicon/Theme/BEDRCK
http://data.bgs.ac.uk/id/Lexicon/NamedRockUnit/VDG	http://data.bgs.ac.uk/id/Lexicon/Theme/BEDRCK
http://data.bgs.ac.uk/id/Lexicon/NamedRockUnit/GORM	http://data.bgs.ac.uk/id/Lexicon/Theme/BEDRCK
http://data.bgs.ac.uk/id/Lexicon/NamedRockUnit/NEED	http://data.bgs.ac.uk/id/Lexicon/Theme/BEDRCK
http://data.bgs.ac.uk/id/Lexicon/NamedRockUnit/BHSP	http://data.bgs.ac.uk/id/Lexicon/Theme/BEDRCK
http://data.bgs.ac.uk/id/Lexicon/NamedRockUnit/DABA	http://data.bgs.ac.uk/id/Lexicon/Theme/BEDRCK
http://data.bgs.ac.uk/id/Lexicon/NamedRockUnit/TASO	http://data.bgs.ac.uk/id/Lexicon/Theme/BEDRCK
http://data.bgs.ac.uk/id/Lexicon/NamedRockUnit/DLBL	http://data.bgs.ac.uk/id/Lexicon/Theme/BEDRCK
http://data.bgs.ac.uk/id/Lexicon/NamedRockUnit/DBBD	http://data.bgs.ac.uk/id/Lexicon/Theme/BEDRCK
http://data.bgs.ac.uk/id/Lexicon/NamedRockUnit/GUL	http://data.bgs.ac.uk/id/Lexicon/Theme/BEDRCK
http://data.bgs.ac.uk/id/Lexicon/NamedRockUnit/KKSI	http://data.bgs.ac.uk/id/Lexicon/Theme/SPRFCL
http://data.bgs.ac.uk/id/Lexicon/NamedRockUnit/THW	http://data.bgs.ac.uk/id/Lexicon/Theme/BEDRCK
http://data.bgs.ac.uk/id/Lexicon/NamedRockUnit/GRW	http://data.bgs.ac.uk/id/Lexicon/Theme/BEDRCK
http://data.bgs.ac.uk/id/Lexicon/NamedRockUnit/BWG	http://data.bgs.ac.uk/id/Lexicon/Theme/BEDRCK
http://data.bgs.ac.uk/id/Lexicon/NamedRockUnit/RSIDE	http://data.bgs.ac.uk/id/Lexicon/Theme/BEDRCK
http://data.bgs.ac.uk/id/Lexicon/NamedRockUnit/CEPL	http://data.bgs.ac.uk/id/Lexicon/Theme/BEDRCK
http://data.bgs.ac.uk/id/Lexicon/NamedRockUnit/WHINS	http://data.bgs.ac.uk/id/Lexicon/Theme/BEDRCK
http://data.bgs.ac.uk/id/Lexicon/NamedRockUnit/BHMU	http://data.bgs.ac.uk/id/Lexicon/Theme/BEDRCK
http://data.bgs.ac.uk/id/Lexicon/NamedRockUnit/LRM	http://data.bgs.ac.uk/id/Lexicon/Theme/BEDRCK
http://data.bgs.ac.uk/id/Lexicon/NamedRockUnit/KTC	http://data.bgs.ac.uk/id/Lexicon/Theme/BEDRCK
http://data.bgs.ac.uk/id/Lexicon/NamedRockUnit/GHC	http://data.bgs.ac.uk/id/Lexicon/Theme/BEDRCK
http://data.bgs.ac.uk/id/Lexicon/NamedRockUnit/PNHI	http://data.bgs.ac.uk/id/Lexicon/Theme/BEDRCK
http://data.bgs.ac.uk/id/Lexicon/NamedRockUnit/TMBL	http://data.bgs.ac.uk/id/Lexicon/Theme/BEDRCK
http://data.bgs.ac.uk/id/Lexicon/NamedRockUnit/MCYS	http://data.bgs.ac.uk/id/Lexicon/Theme/BEDRCK
http://data.bgs.ac.uk/id/Lexicon/NamedRockUnit/SGAOR	http://data.bgs.ac.uk/id/Lexicon/Theme/BEDRCK
http://data.bgs.ac.uk/id/Lexicon/NamedRockUnit/SSG	http://data.bgs.ac.uk/id/Lexicon/Theme/BEDRCK
http://data.bgs.ac.uk/id/Lexicon/NamedRockUnit/CLUAG	http://data.bgs.ac.uk/id/Lexicon/Theme/BEDRCK
http://data.bgs.ac.uk/id/Lexicon/NamedRockUnit/PMFE	http://data.bgs.ac.uk/id/Lexicon/Theme/BEDRCK
http://data.bgs.ac.uk/id/Lexicon/NamedRockUnit/HOV	http://data.bgs.ac.uk/id/Lexicon/Theme/BEDRCK
http://data.bgs.ac.uk/id/Lexicon/NamedRockUnit/BDSA	http://data.bgs.ac.uk/id/Lexicon/Theme/BEDRCK
http://data.bgs.ac.uk/id/Lexicon/NamedRockUnit/LHBL	http://data.bgs.ac.uk/id/Lexicon/Theme/BEDRCK
http://data.bgs.ac.uk/id/Lexicon/NamedRockUnit/G1A1	http://data.bgs.ac.uk/id/Lexicon/Theme/BEDRCK
http://data.bgs.ac.uk/id/Lexicon/NamedRockUnit/AUK	http://data.bgs.ac.uk/id/Lexicon/Theme/BEDRCK
http://data.bgs.ac.uk/id/Lexicon/NamedRockUnit/HML	http://data.bgs.ac.uk/id/Lexicon/Theme/BEDRCK
http://data.bgs.ac.uk/id/Lexicon/NamedRockUnit/RIL	http://data.bgs.ac.uk/id/Lexicon/Theme/BEDRCK
http://data.bgs.ac.uk/id/Lexicon/NamedRockUnit/HHCO	http://data.bgs.ac.uk/id/Lexicon/Theme/BEDRCK
http://data.bgs.ac.uk/id/Lexicon/NamedRockUnit/CRAU	http://data.bgs.ac.uk/id/Lexicon/Theme/BEDRCK
http://data.bgs.ac.uk/id/Lexicon/NamedRockUnit/TRSD	http://data.bgs.ac.uk/id/Lexicon/Theme/BEDRCK
http://data.bgs.ac.uk/id/Lexicon/NamedRockUnit/CHSI	http://data.bgs.ac.uk/id/Lexicon/Theme/BEDRCK
http://data.bgs.ac.uk/id/Lexicon/NamedRockUnit/SOU	http://data.bgs.ac.uk/id/Lexicon/Theme/BEDRCK
http://data.bgs.ac.uk/id/Lexicon/NamedRockUnit/ESA	http://data.bgs.ac.uk/id/Lexicon/Theme/BEDRCK
http://data.bgs.ac.uk/id/Lexicon/NamedRockUnit/BOM	http://data.bgs.ac.uk/id/Lexicon/Theme/BEDRCK
http://data.bgs.ac.uk/id/Lexicon/NamedRockUnit/BLYB	http://data.bgs.ac.uk/id/Lexicon/Theme/BEDRCK
http://data.bgs.ac.uk/id/Lexicon/NamedRockUnit/MYCO	http://data.bgs.ac.uk/id/Lexicon/Theme/BEDRCK
http://data.bgs.ac.uk/id/Lexicon/NamedRockUnit/P38	http://data.bgs.ac.uk/id/Lexicon/Theme/BEDRCK
http://data.bgs.ac.uk/id/Lexicon/NamedRockUnit/WNML	http://data.bgs.ac.uk/id/Lexicon/Theme/BEDRCK
http://data.bgs.ac.uk/id/Lexicon/NamedRockUnit/BELB	http://data.bgs.ac.uk/id/Lexicon/Theme/BEDRCK
http://data.bgs.ac.uk/id/Lexicon/NamedRockUnit/HWLA	http://data.bgs.ac.uk/id/Lexicon/Theme/BEDRCK
http://data.bgs.ac.uk/id/Lexicon/NamedRockUnit/OPSC	http://data.bgs.ac.uk/id/Lexicon/Theme/BEDRCK
http://data.bgs.ac.uk/id/Lexicon/NamedRockUnit/GIBH	http://data.bgs.ac.uk/id/Lexicon/Theme/BEDRCK
http://data.bgs.ac.uk/id/Lexicon/NamedRockUnit/AUDR	http://data.bgs.ac.uk/id/Lexicon/Theme/BEDRCK
http://data.bgs.ac.uk/id/Lexicon/NamedRockUnit/RUCO	http://data.bgs.ac.uk/id/Lexicon/Theme/BEDRCK
http://data.bgs.ac.uk/id/Lexicon/NamedRockUnit/BONC	http://data.bgs.ac.uk/id/Lexicon/Theme/BEDRCK
http://data.bgs.ac.uk/id/Lexicon/NamedRockUnit/SFG	http://data.bgs.ac.uk/id/Lexicon/Theme/BEDRCK
http://data.bgs.ac.uk/id/Lexicon/NamedRockUnit/BECB	http://data.bgs.ac.uk/id/Lexicon/Theme/BEDRCK
http://data.bgs.ac.uk/id/Lexicon/NamedRockUnit/CROL	http://data.bgs.ac.uk/id/Lexicon/Theme/BEDRCK
http://data.bgs.ac.uk/id/Lexicon/NamedRockUnit/NEHE	http://data.bgs.ac.uk/id/Lexicon/Theme/BEDRCK
http://data.bgs.ac.uk/id/Lexicon/NamedRockUnit/GEM	http://data.bgs.ac.uk/id/Lexicon/Theme/BEDRCK
http://data.bgs.ac.uk/id/Lexicon/NamedRockUnit/BOLD	http://data.bgs.ac.uk/id/Lexicon/Theme/BEDRCK
http://data.bgs.ac.uk/id/Lexicon/NamedRockUnit/UM	http://data.bgs.ac.uk/id/Lexicon/Theme/BEDRCK
http://data.bgs.ac.uk/id/Lexicon/NamedRockUnit/SKIP	http://data.bgs.ac.uk/id/Lexicon/Theme/BEDRCK
http://data.bgs.ac.uk/id/Lexicon/NamedRockUnit/SCHD	http://data.bgs.ac.uk/id/Lexicon/Theme/BEDRCK
http://data.bgs.ac.uk/id/Lexicon/NamedRockUnit/N6	http://data.bgs.ac.uk/id/Lexicon/Theme/BEDRCK
http://data.bgs.ac.uk/id/Lexicon/NamedRockUnit/BLSC	http://data.bgs.ac.uk/id/Lexicon/Theme/BEDRCK
http://data.bgs.ac.uk/id/Lexicon/NamedRockUnit/CAST	http://data.bgs.ac.uk/id/Lexicon/Theme/BEDRCK
http://data.bgs.ac.uk/id/Lexicon/NamedRockUnit/HMMB	http://data.bgs.ac.uk/id/Lexicon/Theme/BEDRCK
http://data.bgs.ac.uk/id/Lexicon/NamedRockUnit/FHFL	http://data.bgs.ac.uk/id/Lexicon/Theme/BEDRCK
http://data.bgs.ac.uk/id/Lexicon/NamedRockUnit/SCPA	http://data.bgs.ac.uk/id/Lexicon/Theme/BEDRCK
http://data.bgs.ac.uk/id/Lexicon/NamedRockUnit/CTE	http://data.bgs.ac.uk/id/Lexicon/Theme/BEDRCK
http://data.bgs.ac.uk/id/Lexicon/NamedRockUnit/DRST	http://data.bgs.ac.uk/id/Lexicon/Theme/BEDRCK
http://data.bgs.ac.uk/id/Lexicon/NamedRockUnit/DUA	http://data.bgs.ac.uk/id/Lexicon/Theme/BEDRCK
http://data.bgs.ac.uk/id/Lexicon/NamedRockUnit/KL2	http://data.bgs.ac.uk/id/Lexicon/Theme/BEDRCK
http://data.bgs.ac.uk/id/Lexicon/NamedRockUnit/BHFL	http://data.bgs.ac.uk/id/Lexicon/Theme/BEDRCK
http://data.bgs.ac.uk/id/Lexicon/NamedRockUnit/USLB	http://data.bgs.ac.uk/id/Lexicon/Theme/BEDRCK
http://data.bgs.ac.uk/id/Lexicon/NamedRockUnit/PAB	http://data.bgs.ac.uk/id/Lexicon/Theme/BEDRCK
http://data.bgs.ac.uk/id/Lexicon/NamedRockUnit/CBFL	http://data.bgs.ac.uk/id/Lexicon/Theme/BEDRCK
http://data.bgs.ac.uk/id/Lexicon/NamedRockUnit/MEGRU	http://data.bgs.ac.uk/id/Lexicon/Theme/BEDRCK
http://data.bgs.ac.uk/id/Lexicon/NamedRockUnit/BBSL	http://data.bgs.ac.uk/id/Lexicon/Theme/BEDRCK
http://data.bgs.ac.uk/id/Lexicon/NamedRockUnit/Q1MVS	http://data.bgs.ac.uk/id/Lexicon/Theme/SPRFCL
http://data.bgs.ac.uk/id/Lexicon/NamedRockUnit/PNLI	http://data.bgs.ac.uk/id/Lexicon/Theme/BEDRCK
http://data.bgs.ac.uk/id/Lexicon/NamedRockUnit/PCS	http://data.bgs.ac.uk/id/Lexicon/Theme/SPRFCL
http://data.bgs.ac.uk/id/Lexicon/NamedRockUnit/SETQ	http://data.bgs.ac.uk/id/Lexicon/Theme/BEDRCK
http://data.bgs.ac.uk/id/Lexicon/NamedRockUnit/JRSF	http://data.bgs.ac.uk/id/Lexicon/Theme/BEDRCK
http://data.bgs.ac.uk/id/Lexicon/NamedRockUnit/ONMA	http://data.bgs.ac.uk/id/Lexicon/Theme/BEDRCK
http://data.bgs.ac.uk/id/Lexicon/NamedRockUnit/NORG	http://data.bgs.ac.uk/id/Lexicon/Theme/BEDRCK
http://data.bgs.ac.uk/id/Lexicon/NamedRockUnit/UDD	http://data.bgs.ac.uk/id/Lexicon/Theme/BEDRCK
http://data.bgs.ac.uk/id/Lexicon/NamedRockUnit/COCI	http://data.bgs.ac.uk/id/Lexicon/Theme/BEDRCK
http://data.bgs.ac.uk/id/Lexicon/NamedRockUnit/WIVY	http://data.bgs.ac.uk/id/Lexicon/Theme/SPRFCL
http://data.bgs.ac.uk/id/Lexicon/NamedRockUnit/REHW6	http://data.bgs.ac.uk/id/Lexicon/Theme/BEDRCK
http://data.bgs.ac.uk/id/Lexicon/NamedRockUnit/DARL	http://data.bgs.ac.uk/id/Lexicon/Theme/BEDRCK
http://data.bgs.ac.uk/id/Lexicon/NamedRockUnit/N0	http://data.bgs.ac.uk/id/Lexicon/Theme/BEDRCK
http://data.bgs.ac.uk/id/Lexicon/NamedRockUnit/CUD	http://data.bgs.ac.uk/id/Lexicon/Theme/BEDRCK
http://data.bgs.ac.uk/id/Lexicon/NamedRockUnit/BBLB	http://data.bgs.ac.uk/id/Lexicon/Theme/BEDRCK
http://data.bgs.ac.uk/id/Lexicon/NamedRockUnit/RIDC	http://data.bgs.ac.uk/id/Lexicon/Theme/BEDRCK
http://data.bgs.ac.uk/id/Lexicon/NamedRockUnit/SRGA	http://data.bgs.ac.uk/id/Lexicon/Theme/BEDRCK
http://data.bgs.ac.uk/id/Lexicon/NamedRockUnit/MRM	http://data.bgs.ac.uk/id/Lexicon/Theme/BEDRCK
http://data.bgs.ac.uk/id/Lexicon/NamedRockUnit/BTMC	http://data.bgs.ac.uk/id/Lexicon/Theme/BEDRCK
http://data.bgs.ac.uk/id/Lexicon/NamedRockUnit/MCBT	http://data.bgs.ac.uk/id/Lexicon/Theme/BEDRCK
http://data.bgs.ac.uk/id/Lexicon/NamedRockUnit/ELL	http://data.bgs.ac.uk/id/Lexicon/Theme/BEDRCK
http://data.bgs.ac.uk/id/Lexicon/NamedRockUnit/WEGN	http://data.bgs.ac.uk/id/Lexicon/Theme/BEDRCK
http://data.bgs.ac.uk/id/Lexicon/NamedRockUnit/RSX	http://data.bgs.ac.uk/id/Lexicon/Theme/SPRFCL
http://data.bgs.ac.uk/id/Lexicon/NamedRockUnit/HARDY	http://data.bgs.ac.uk/id/Lexicon/Theme/BEDRCK
http://data.bgs.ac.uk/id/Lexicon/NamedRockUnit/ANITE	http://data.bgs.ac.uk/id/Lexicon/Theme/BEDRCK
http://data.bgs.ac.uk/id/Lexicon/NamedRockUnit/SAH	http://data.bgs.ac.uk/id/Lexicon/Theme/BEDRCK
http://data.bgs.ac.uk/id/Lexicon/NamedRockUnit/GCOEQ	http://data.bgs.ac.uk/id/Lexicon/Theme/BEDRCK
http://data.bgs.ac.uk/id/Lexicon/NamedRockUnit/CFU	http://data.bgs.ac.uk/id/Lexicon/Theme/BEDRCK
http://data.bgs.ac.uk/id/Lexicon/NamedRockUnit/SEEI	http://data.bgs.ac.uk/id/Lexicon/Theme/BEDRCK
http://data.bgs.ac.uk/id/Lexicon/NamedRockUnit/ARPG	http://data.bgs.ac.uk/id/Lexicon/Theme/BEDRCK
http://data.bgs.ac.uk/id/Lexicon/NamedRockUnit/DBTS	http://data.bgs.ac.uk/id/Lexicon/Theme/BEDRCK
http://data.bgs.ac.uk/id/Lexicon/NamedRockUnit/BIRT	http://data.bgs.ac.uk/id/Lexicon/Theme/BEDRCK
http://data.bgs.ac.uk/id/Lexicon/NamedRockUnit/UKBC	http://data.bgs.ac.uk/id/Lexicon/Theme/BEDRCK
http://data.bgs.ac.uk/id/Lexicon/NamedRockUnit/HTONL	http://data.bgs.ac.uk/id/Lexicon/Theme/BEDRCK
http://data.bgs.ac.uk/id/Lexicon/NamedRockUnit/SPHT	http://data.bgs.ac.uk/id/Lexicon/Theme/SPRFCL
http://data.bgs.ac.uk/id/Lexicon/NamedRockUnit/REHE1	http://data.bgs.ac.uk/id/Lexicon/Theme/BEDRCK
http://data.bgs.ac.uk/id/Lexicon/NamedRockUnit/DTYC	http://data.bgs.ac.uk/id/Lexicon/Theme/BEDRCK
http://data.bgs.ac.uk/id/Lexicon/NamedRockUnit/RMDV	http://data.bgs.ac.uk/id/Lexicon/Theme/SPRFCL
http://data.bgs.ac.uk/id/Lexicon/NamedRockUnit/CLHG	http://data.bgs.ac.uk/id/Lexicon/Theme/BEDRCK
http://data.bgs.ac.uk/id/Lexicon/NamedRockUnit/DOUG	http://data.bgs.ac.uk/id/Lexicon/Theme/BEDRCK
http://data.bgs.ac.uk/id/Lexicon/NamedRockUnit/ED	http://data.bgs.ac.uk/id/Lexicon/Theme/BEDRCK
http://data.bgs.ac.uk/id/Lexicon/NamedRockUnit/POOL	http://data.bgs.ac.uk/id/Lexicon/Theme/BEDRCK
http://data.bgs.ac.uk/id/Lexicon/NamedRockUnit/PEJU	http://data.bgs.ac.uk/id/Lexicon/Theme/BEDRCK
http://data.bgs.ac.uk/id/Lexicon/NamedRockUnit/HGS	http://data.bgs.ac.uk/id/Lexicon/Theme/BEDRCK
http://data.bgs.ac.uk/id/Lexicon/NamedRockUnit/CBD	http://data.bgs.ac.uk/id/Lexicon/Theme/BEDRCK
http://data.bgs.ac.uk/id/Lexicon/NamedRockUnit/SEEL	http://data.bgs.ac.uk/id/Lexicon/Theme/BEDRCK
http://data.bgs.ac.uk/id/Lexicon/NamedRockUnit/R2A1	http://data.bgs.ac.uk/id/Lexicon/Theme/BEDRCK
http://data.bgs.ac.uk/id/Lexicon/NamedRockUnit/REDQ	http://data.bgs.ac.uk/id/Lexicon/Theme/BEDRCK
http://data.bgs.ac.uk/id/Lexicon/NamedRockUnit/GFSG	http://data.bgs.ac.uk/id/Lexicon/Theme/SPRFCL
http://data.bgs.ac.uk/id/Lexicon/NamedRockUnit/SWDL	http://data.bgs.ac.uk/id/Lexicon/Theme/BEDRCK
http://data.bgs.ac.uk/id/Lexicon/NamedRockUnit/PBS	http://data.bgs.ac.uk/id/Lexicon/Theme/BEDRCK
http://data.bgs.ac.uk/id/Lexicon/NamedRockUnit/ALLC	http://data.bgs.ac.uk/id/Lexicon/Theme/BEDRCK
http://data.bgs.ac.uk/id/Lexicon/NamedRockUnit/SEVN	http://data.bgs.ac.uk/id/Lexicon/Theme/SPRFCL
http://data.bgs.ac.uk/id/Lexicon/NamedRockUnit/CASO	http://data.bgs.ac.uk/id/Lexicon/Theme/BEDRCK
http://data.bgs.ac.uk/id/Lexicon/NamedRockUnit/LEAP	http://data.bgs.ac.uk/id/Lexicon/Theme/BEDRCK
http://data.bgs.ac.uk/id/Lexicon/NamedRockUnit/HMB	http://data.bgs.ac.uk/id/Lexicon/Theme/BEDRCK
http://data.bgs.ac.uk/id/Lexicon/NamedRockUnit/POMA	http://data.bgs.ac.uk/id/Lexicon/Theme/BEDRCK
http://data.bgs.ac.uk/id/Lexicon/NamedRockUnit/FLH	http://data.bgs.ac.uk/id/Lexicon/Theme/BEDRCK
http://data.bgs.ac.uk/id/Lexicon/NamedRockUnit/UDC	http://data.bgs.ac.uk/id/Lexicon/Theme/BEDRCK
http://data.bgs.ac.uk/id/Lexicon/NamedRockUnit/NETY	http://data.bgs.ac.uk/id/Lexicon/Theme/BEDRCK
http://data.bgs.ac.uk/id/Lexicon/NamedRockUnit/MNC	http://data.bgs.ac.uk/id/Lexicon/Theme/BEDRCK
http://data.bgs.ac.uk/id/Lexicon/NamedRockUnit/MABP	http://data.bgs.ac.uk/id/Lexicon/Theme/BEDRCK
http://data.bgs.ac.uk/id/Lexicon/NamedRockUnit/AILC	http://data.bgs.ac.uk/id/Lexicon/Theme/BEDRCK
http://data.bgs.ac.uk/id/Lexicon/NamedRockUnit/NCAMP	http://data.bgs.ac.uk/id/Lexicon/Theme/BEDRCK
http://data.bgs.ac.uk/id/Lexicon/NamedRockUnit/BOTH	http://data.bgs.ac.uk/id/Lexicon/Theme/BEDRCK
http://data.bgs.ac.uk/id/Lexicon/NamedRockUnit/KINGC	http://data.bgs.ac.uk/id/Lexicon/Theme/BEDRCK
http://data.bgs.ac.uk/id/Lexicon/NamedRockUnit/TAYCA	http://data.bgs.ac.uk/id/Lexicon/Theme/SPRFCL
http://data.bgs.ac.uk/id/Lexicon/NamedRockUnit/HBEL	http://data.bgs.ac.uk/id/Lexicon/Theme/BEDRCK
http://data.bgs.ac.uk/id/Lexicon/NamedRockUnit/SYS	http://data.bgs.ac.uk/id/Lexicon/Theme/BEDRCK
http://data.bgs.ac.uk/id/Lexicon/NamedRockUnit/RLW1	http://data.bgs.ac.uk/id/Lexicon/Theme/BEDRCK
http://data.bgs.ac.uk/id/Lexicon/NamedRockUnit/GVB	http://data.bgs.ac.uk/id/Lexicon/Theme/BEDRCK
http://data.bgs.ac.uk/id/Lexicon/NamedRockUnit/SFT	http://data.bgs.ac.uk/id/Lexicon/Theme/BEDRCK
http://data.bgs.ac.uk/id/Lexicon/NamedRockUnit/DBKH	http://data.bgs.ac.uk/id/Lexicon/Theme/BEDRCK
http://data.bgs.ac.uk/id/Lexicon/NamedRockUnit/SPCH	http://data.bgs.ac.uk/id/Lexicon/Theme/BEDRCK
http://data.bgs.ac.uk/id/Lexicon/NamedRockUnit/ASHI	http://data.bgs.ac.uk/id/Lexicon/Theme/BEDRCK
http://data.bgs.ac.uk/id/Lexicon/NamedRockUnit/PVL	http://data.bgs.ac.uk/id/Lexicon/Theme/BEDRCK
http://data.bgs.ac.uk/id/Lexicon/NamedRockUnit/GAWC	http://data.bgs.ac.uk/id/Lexicon/Theme/BEDRCK
http://data.bgs.ac.uk/id/Lexicon/NamedRockUnit/LADD	http://data.bgs.ac.uk/id/Lexicon/Theme/SPRFCL
http://data.bgs.ac.uk/id/Lexicon/NamedRockUnit/ABGS	http://data.bgs.ac.uk/id/Lexicon/Theme/BEDRCK
http://data.bgs.ac.uk/id/Lexicon/NamedRockUnit/ME1	http://data.bgs.ac.uk/id/Lexicon/Theme/SPRFCL
http://data.bgs.ac.uk/id/Lexicon/NamedRockUnit/PTMB	http://data.bgs.ac.uk/id/Lexicon/Theme/BEDRCK
http://data.bgs.ac.uk/id/Lexicon/NamedRockUnit/LFSC	http://data.bgs.ac.uk/id/Lexicon/Theme/SPRFCL
http://data.bgs.ac.uk/id/Lexicon/NamedRockUnit/GRLT	http://data.bgs.ac.uk/id/Lexicon/Theme/BEDRCK
http://data.bgs.ac.uk/id/Lexicon/NamedRockUnit/REBU	http://data.bgs.ac.uk/id/Lexicon/Theme/SPRFCL
http://data.bgs.ac.uk/id/Lexicon/NamedRockUnit/ARES	http://data.bgs.ac.uk/id/Lexicon/Theme/BEDRCK
http://data.bgs.ac.uk/id/Lexicon/NamedRockUnit/BLCV	http://data.bgs.ac.uk/id/Lexicon/Theme/BEDRCK
http://data.bgs.ac.uk/id/Lexicon/NamedRockUnit/CLCG	http://data.bgs.ac.uk/id/Lexicon/Theme/BEDRCK
http://data.bgs.ac.uk/id/Lexicon/NamedRockUnit/RE	http://data.bgs.ac.uk/id/Lexicon/Theme/BEDRCK
http://data.bgs.ac.uk/id/Lexicon/NamedRockUnit/SGR	http://data.bgs.ac.uk/id/Lexicon/Theme/BEDRCK
http://data.bgs.ac.uk/id/Lexicon/NamedRockUnit/WOY	http://data.bgs.ac.uk/id/Lexicon/Theme/BEDRCK
http://data.bgs.ac.uk/id/Lexicon/NamedRockUnit/MGSA	http://data.bgs.ac.uk/id/Lexicon/Theme/BEDRCK
http://data.bgs.ac.uk/id/Lexicon/NamedRockUnit/PCB	http://data.bgs.ac.uk/id/Lexicon/Theme/BEDRCK
http://data.bgs.ac.uk/id/Lexicon/NamedRockUnit/STAD	http://data.bgs.ac.uk/id/Lexicon/Theme/BEDRCK
http://data.bgs.ac.uk/id/Lexicon/NamedRockUnit/NTM3	http://data.bgs.ac.uk/id/Lexicon/Theme/BEDRCK
http://data.bgs.ac.uk/id/Lexicon/NamedRockUnit/FOST	http://data.bgs.ac.uk/id/Lexicon/Theme/BEDRCK
http://data.bgs.ac.uk/id/Lexicon/NamedRockUnit/LIA	http://data.bgs.ac.uk/id/Lexicon/Theme/BEDRCK
http://data.bgs.ac.uk/id/Lexicon/NamedRockUnit/HAW	http://data.bgs.ac.uk/id/Lexicon/Theme/BEDRCK
http://data.bgs.ac.uk/id/Lexicon/NamedRockUnit/WGDF	http://data.bgs.ac.uk/id/Lexicon/Theme/SPRFCL
http://data.bgs.ac.uk/id/Lexicon/NamedRockUnit/URM	http://data.bgs.ac.uk/id/Lexicon/Theme/BEDRCK
http://data.bgs.ac.uk/id/Lexicon/NamedRockUnit/LOBT	http://data.bgs.ac.uk/id/Lexicon/Theme/BEDRCK
http://data.bgs.ac.uk/id/Lexicon/NamedRockUnit/CDHP	http://data.bgs.ac.uk/id/Lexicon/Theme/BEDRCK
http://data.bgs.ac.uk/id/Lexicon/NamedRockUnit/KNLM	http://data.bgs.ac.uk/id/Lexicon/Theme/BEDRCK
http://data.bgs.ac.uk/id/Lexicon/NamedRockUnit/BUAL	http://data.bgs.ac.uk/id/Lexicon/Theme/BEDRCK
http://data.bgs.ac.uk/id/Lexicon/NamedRockUnit/WRSP	http://data.bgs.ac.uk/id/Lexicon/Theme/BEDRCK
http://data.bgs.ac.uk/id/Lexicon/NamedRockUnit/UFXL	http://data.bgs.ac.uk/id/Lexicon/Theme/BEDRCK
http://data.bgs.ac.uk/id/Lexicon/NamedRockUnit/NYG	http://data.bgs.ac.uk/id/Lexicon/Theme/BEDRCK
http://data.bgs.ac.uk/id/Lexicon/NamedRockUnit/WTC	http://data.bgs.ac.uk/id/Lexicon/Theme/BEDRCK
http://data.bgs.ac.uk/id/Lexicon/NamedRockUnit/PTHL	http://data.bgs.ac.uk/id/Lexicon/Theme/BEDRCK
http://data.bgs.ac.uk/id/Lexicon/NamedRockUnit/B2WC	http://data.bgs.ac.uk/id/Lexicon/Theme/BEDRCK
http://data.bgs.ac.uk/id/Lexicon/NamedRockUnit/ER	http://data.bgs.ac.uk/id/Lexicon/Theme/BEDRCK
http://data.bgs.ac.uk/id/Lexicon/NamedRockUnit/LOSE	http://data.bgs.ac.uk/id/Lexicon/Theme/BEDRCK
http://data.bgs.ac.uk/id/Lexicon/NamedRockUnit/MFD	http://data.bgs.ac.uk/id/Lexicon/Theme/BEDRCK
http://data.bgs.ac.uk/id/Lexicon/NamedRockUnit/LYBI	http://data.bgs.ac.uk/id/Lexicon/Theme/BEDRCK
http://data.bgs.ac.uk/id/Lexicon/NamedRockUnit/PTRC	http://data.bgs.ac.uk/id/Lexicon/Theme/BEDRCK
http://data.bgs.ac.uk/id/Lexicon/NamedRockUnit/POCKG	http://data.bgs.ac.uk/id/Lexicon/Theme/SPRFCL
http://data.bgs.ac.uk/id/Lexicon/NamedRockUnit/SWS	http://data.bgs.ac.uk/id/Lexicon/Theme/BEDRCK
http://data.bgs.ac.uk/id/Lexicon/NamedRockUnit/BBE	http://data.bgs.ac.uk/id/Lexicon/Theme/BEDRCK
http://data.bgs.ac.uk/id/Lexicon/NamedRockUnit/SWDEN	http://data.bgs.ac.uk/id/Lexicon/Theme/SPRFCL
http://data.bgs.ac.uk/id/Lexicon/NamedRockUnit/STRM	http://data.bgs.ac.uk/id/Lexicon/Theme/BEDRCK
http://data.bgs.ac.uk/id/Lexicon/NamedRockUnit/THHS	http://data.bgs.ac.uk/id/Lexicon/Theme/BEDRCK
http://data.bgs.ac.uk/id/Lexicon/NamedRockUnit/LELP	http://data.bgs.ac.uk/id/Lexicon/Theme/BEDRCK
http://data.bgs.ac.uk/id/Lexicon/NamedRockUnit/TSIF	http://data.bgs.ac.uk/id/Lexicon/Theme/BEDRCK
http://data.bgs.ac.uk/id/Lexicon/NamedRockUnit/DAWN	http://data.bgs.ac.uk/id/Lexicon/Theme/BEDRCK
http://data.bgs.ac.uk/id/Lexicon/NamedRockUnit/MVL	http://data.bgs.ac.uk/id/Lexicon/Theme/BEDRCK
http://data.bgs.ac.uk/id/Lexicon/NamedRockUnit/SWKSI	http://data.bgs.ac.uk/id/Lexicon/Theme/BEDRCK
http://data.bgs.ac.uk/id/Lexicon/NamedRockUnit/LLDC	http://data.bgs.ac.uk/id/Lexicon/Theme/BEDRCK
http://data.bgs.ac.uk/id/Lexicon/NamedRockUnit/RAGC	http://data.bgs.ac.uk/id/Lexicon/Theme/BEDRCK
http://data.bgs.ac.uk/id/Lexicon/NamedRockUnit/MHCU	http://data.bgs.ac.uk/id/Lexicon/Theme/BEDRCK
http://data.bgs.ac.uk/id/Lexicon/NamedRockUnit/MUD	http://data.bgs.ac.uk/id/Lexicon/Theme/BEDRCK
http://data.bgs.ac.uk/id/Lexicon/NamedRockUnit/NWBQ	http://data.bgs.ac.uk/id/Lexicon/Theme/BEDRCK
http://data.bgs.ac.uk/id/Lexicon/NamedRockUnit/BHS	http://data.bgs.ac.uk/id/Lexicon/Theme/BEDRCK
http://data.bgs.ac.uk/id/Lexicon/NamedRockUnit/UIST	http://data.bgs.ac.uk/id/Lexicon/Theme/SPRFCL
http://data.bgs.ac.uk/id/Lexicon/NamedRockUnit/CHHC	http://data.bgs.ac.uk/id/Lexicon/Theme/BEDRCK
http://data.bgs.ac.uk/id/Lexicon/NamedRockUnit/ASQ	http://data.bgs.ac.uk/id/Lexicon/Theme/BEDRCK
http://data.bgs.ac.uk/id/Lexicon/NamedRockUnit/SBBA	http://data.bgs.ac.uk/id/Lexicon/Theme/BEDRCK
http://data.bgs.ac.uk/id/Lexicon/NamedRockUnit/GOM	http://data.bgs.ac.uk/id/Lexicon/Theme/BEDRCK
http://data.bgs.ac.uk/id/Lexicon/NamedRockUnit/LLSW	http://data.bgs.ac.uk/id/Lexicon/Theme/BEDRCK
http://data.bgs.ac.uk/id/Lexicon/NamedRockUnit/SDT	http://data.bgs.ac.uk/id/Lexicon/Theme/BEDRCK
http://data.bgs.ac.uk/id/Lexicon/NamedRockUnit/CRWB	http://data.bgs.ac.uk/id/Lexicon/Theme/SPRFCL
http://data.bgs.ac.uk/id/Lexicon/NamedRockUnit/MUSF	http://data.bgs.ac.uk/id/Lexicon/Theme/BEDRCK
http://data.bgs.ac.uk/id/Lexicon/NamedRockUnit/NTM2	http://data.bgs.ac.uk/id/Lexicon/Theme/BEDRCK
http://data.bgs.ac.uk/id/Lexicon/NamedRockUnit/DUNW	http://data.bgs.ac.uk/id/Lexicon/Theme/BEDRCK
http://data.bgs.ac.uk/id/Lexicon/NamedRockUnit/MASAB	http://data.bgs.ac.uk/id/Lexicon/Theme/SPRFCL
http://data.bgs.ac.uk/id/Lexicon/NamedRockUnit/CYLM	http://data.bgs.ac.uk/id/Lexicon/Theme/BEDRCK
http://data.bgs.ac.uk/id/Lexicon/NamedRockUnit/LWDC	http://data.bgs.ac.uk/id/Lexicon/Theme/BEDRCK
http://data.bgs.ac.uk/id/Lexicon/NamedRockUnit/WIG	http://data.bgs.ac.uk/id/Lexicon/Theme/BEDRCK
http://data.bgs.ac.uk/id/Lexicon/NamedRockUnit/E2C4	http://data.bgs.ac.uk/id/Lexicon/Theme/BEDRCK
http://data.bgs.ac.uk/id/Lexicon/NamedRockUnit/OHL	http://data.bgs.ac.uk/id/Lexicon/Theme/BEDRCK
http://data.bgs.ac.uk/id/Lexicon/NamedRockUnit/SWBK	http://data.bgs.ac.uk/id/Lexicon/Theme/SPRFCL
http://data.bgs.ac.uk/id/Lexicon/NamedRockUnit/WAR	http://data.bgs.ac.uk/id/Lexicon/Theme/BEDRCK
http://data.bgs.ac.uk/id/Lexicon/NamedRockUnit/BNCO	http://data.bgs.ac.uk/id/Lexicon/Theme/BEDRCK
http://data.bgs.ac.uk/id/Lexicon/NamedRockUnit/CMBE	http://data.bgs.ac.uk/id/Lexicon/Theme/SPRFCL
http://data.bgs.ac.uk/id/Lexicon/NamedRockUnit/NMC	http://data.bgs.ac.uk/id/Lexicon/Theme/BEDRCK
http://data.bgs.ac.uk/id/Lexicon/NamedRockUnit/UDVS	http://data.bgs.ac.uk/id/Lexicon/Theme/BEDRCK
http://data.bgs.ac.uk/id/Lexicon/NamedRockUnit/QHF	http://data.bgs.ac.uk/id/Lexicon/Theme/BEDRCK
http://data.bgs.ac.uk/id/Lexicon/NamedRockUnit/BEDS	http://data.bgs.ac.uk/id/Lexicon/Theme/BEDRCK
http://data.bgs.ac.uk/id/Lexicon/NamedRockUnit/H2B1	http://data.bgs.ac.uk/id/Lexicon/Theme/BEDRCK
http://data.bgs.ac.uk/id/Lexicon/NamedRockUnit/GABR	http://data.bgs.ac.uk/id/Lexicon/Theme/BEDRCK
http://data.bgs.ac.uk/id/Lexicon/NamedRockUnit/SWMCM	http://data.bgs.ac.uk/id/Lexicon/Theme/BEDRCK
http://data.bgs.ac.uk/id/Lexicon/NamedRockUnit/SNA	http://data.bgs.ac.uk/id/Lexicon/Theme/BEDRCK
http://data.bgs.ac.uk/id/Lexicon/NamedRockUnit/AYRL	http://data.bgs.ac.uk/id/Lexicon/Theme/SPRFCL
http://data.bgs.ac.uk/id/Lexicon/NamedRockUnit/MBS	http://data.bgs.ac.uk/id/Lexicon/Theme/BEDRCK
http://data.bgs.ac.uk/id/Lexicon/NamedRockUnit/RG	http://data.bgs.ac.uk/id/Lexicon/Theme/BEDRCK
http://data.bgs.ac.uk/id/Lexicon/NamedRockUnit/WG2FT	http://data.bgs.ac.uk/id/Lexicon/Theme/BEDRCK
http://data.bgs.ac.uk/id/Lexicon/NamedRockUnit/TAW1	http://data.bgs.ac.uk/id/Lexicon/Theme/SPRFCL
http://data.bgs.ac.uk/id/Lexicon/NamedRockUnit/ABG	http://data.bgs.ac.uk/id/Lexicon/Theme/BEDRCK
http://data.bgs.ac.uk/id/Lexicon/NamedRockUnit/ULSA	http://data.bgs.ac.uk/id/Lexicon/Theme/BEDRCK
http://data.bgs.ac.uk/id/Lexicon/NamedRockUnit/STOB2	http://data.bgs.ac.uk/id/Lexicon/Theme/SPRFCL
http://data.bgs.ac.uk/id/Lexicon/NamedRockUnit/GOS	http://data.bgs.ac.uk/id/Lexicon/Theme/BEDRCK
http://data.bgs.ac.uk/id/Lexicon/NamedRockUnit/WRC	http://data.bgs.ac.uk/id/Lexicon/Theme/BEDRCK
http://data.bgs.ac.uk/id/Lexicon/NamedRockUnit/SGF	http://data.bgs.ac.uk/id/Lexicon/Theme/BEDRCK
http://data.bgs.ac.uk/id/Lexicon/NamedRockUnit/LORS	http://data.bgs.ac.uk/id/Lexicon/Theme/BEDRCK
http://data.bgs.ac.uk/id/Lexicon/NamedRockUnit/MOCC	http://data.bgs.ac.uk/id/Lexicon/Theme/BEDRCK
http://data.bgs.ac.uk/id/Lexicon/NamedRockUnit/GYF	http://data.bgs.ac.uk/id/Lexicon/Theme/BEDRCK
http://data.bgs.ac.uk/id/Lexicon/NamedRockUnit/SVF	http://data.bgs.ac.uk/id/Lexicon/Theme/BEDRCK
http://data.bgs.ac.uk/id/Lexicon/NamedRockUnit/COPS	http://data.bgs.ac.uk/id/Lexicon/Theme/BEDRCK
http://data.bgs.ac.uk/id/Lexicon/NamedRockUnit/ALAC	http://data.bgs.ac.uk/id/Lexicon/Theme/BEDRCK
http://data.bgs.ac.uk/id/Lexicon/NamedRockUnit/TORL	http://data.bgs.ac.uk/id/Lexicon/Theme/BEDRCK
http://data.bgs.ac.uk/id/Lexicon/NamedRockUnit/SGT	http://data.bgs.ac.uk/id/Lexicon/Theme/BEDRCK
http://data.bgs.ac.uk/id/Lexicon/NamedRockUnit/BRCH	http://data.bgs.ac.uk/id/Lexicon/Theme/BEDRCK
http://data.bgs.ac.uk/id/Lexicon/NamedRockUnit/SGGR	http://data.bgs.ac.uk/id/Lexicon/Theme/BEDRCK
http://data.bgs.ac.uk/id/Lexicon/NamedRockUnit/BLEG	http://data.bgs.ac.uk/id/Lexicon/Theme/BEDRCK
http://data.bgs.ac.uk/id/Lexicon/NamedRockUnit/LYS	http://data.bgs.ac.uk/id/Lexicon/Theme/BEDRCK
http://data.bgs.ac.uk/id/Lexicon/NamedRockUnit/PPGC	http://data.bgs.ac.uk/id/Lexicon/Theme/BEDRCK
http://data.bgs.ac.uk/id/Lexicon/NamedRockUnit/GWG	http://data.bgs.ac.uk/id/Lexicon/Theme/BEDRCK
http://data.bgs.ac.uk/id/Lexicon/NamedRockUnit/TBLS	http://data.bgs.ac.uk/id/Lexicon/Theme/BEDRCK
http://data.bgs.ac.uk/id/Lexicon/NamedRockUnit/CHCG	http://data.bgs.ac.uk/id/Lexicon/Theme/BEDRCK
http://data.bgs.ac.uk/id/Lexicon/NamedRockUnit/TIRA	http://data.bgs.ac.uk/id/Lexicon/Theme/BEDRCK
http://data.bgs.ac.uk/id/Lexicon/NamedRockUnit/LIBC	http://data.bgs.ac.uk/id/Lexicon/Theme/BEDRCK
http://data.bgs.ac.uk/id/Lexicon/NamedRockUnit/BCG	http://data.bgs.ac.uk/id/Lexicon/Theme/BEDRCK
http://data.bgs.ac.uk/id/Lexicon/NamedRockUnit/SUCA	http://data.bgs.ac.uk/id/Lexicon/Theme/SPRFCL
http://data.bgs.ac.uk/id/Lexicon/NamedRockUnit/EGC	http://data.bgs.ac.uk/id/Lexicon/Theme/BEDRCK
http://data.bgs.ac.uk/id/Lexicon/NamedRockUnit/MNSP	http://data.bgs.ac.uk/id/Lexicon/Theme/BEDRCK
http://data.bgs.ac.uk/id/Lexicon/NamedRockUnit/PQUW	http://data.bgs.ac.uk/id/Lexicon/Theme/BEDRCK
http://data.bgs.ac.uk/id/Lexicon/NamedRockUnit/CREN	http://data.bgs.ac.uk/id/Lexicon/Theme/BEDRCK
http://data.bgs.ac.uk/id/Lexicon/NamedRockUnit/BARK	http://data.bgs.ac.uk/id/Lexicon/Theme/BEDRCK
http://data.bgs.ac.uk/id/Lexicon/NamedRockUnit/PLSS	http://data.bgs.ac.uk/id/Lexicon/Theme/BEDRCK
http://data.bgs.ac.uk/id/Lexicon/NamedRockUnit/MVFRW	http://data.bgs.ac.uk/id/Lexicon/Theme/BEDRCK
http://data.bgs.ac.uk/id/Lexicon/NamedRockUnit/MSCC	http://data.bgs.ac.uk/id/Lexicon/Theme/BEDRCK
http://data.bgs.ac.uk/id/Lexicon/NamedRockUnit/LPWL	http://data.bgs.ac.uk/id/Lexicon/Theme/BEDRCK
http://data.bgs.ac.uk/id/Lexicon/NamedRockUnit/LDHU	http://data.bgs.ac.uk/id/Lexicon/Theme/BEDRCK
http://data.bgs.ac.uk/id/Lexicon/NamedRockUnit/LWCFU	http://data.bgs.ac.uk/id/Lexicon/Theme/SPRFCL
http://data.bgs.ac.uk/id/Lexicon/NamedRockUnit/CHWA	http://data.bgs.ac.uk/id/Lexicon/Theme/BEDRCK
http://data.bgs.ac.uk/id/Lexicon/NamedRockUnit/WIS	http://data.bgs.ac.uk/id/Lexicon/Theme/BEDRCK
http://data.bgs.ac.uk/id/Lexicon/NamedRockUnit/CULE	http://data.bgs.ac.uk/id/Lexicon/Theme/BEDRCK
http://data.bgs.ac.uk/id/Lexicon/NamedRockUnit/BURL	http://data.bgs.ac.uk/id/Lexicon/Theme/BEDRCK
http://data.bgs.ac.uk/id/Lexicon/NamedRockUnit/USHPE	http://data.bgs.ac.uk/id/Lexicon/Theme/BEDRCK
http://data.bgs.ac.uk/id/Lexicon/NamedRockUnit/SGSI	http://data.bgs.ac.uk/id/Lexicon/Theme/SPRFCL
http://data.bgs.ac.uk/id/Lexicon/NamedRockUnit/RHLC2	http://data.bgs.ac.uk/id/Lexicon/Theme/BEDRCK
http://data.bgs.ac.uk/id/Lexicon/NamedRockUnit/CCOE	http://data.bgs.ac.uk/id/Lexicon/Theme/BEDRCK
http://data.bgs.ac.uk/id/Lexicon/NamedRockUnit/BDCM	http://data.bgs.ac.uk/id/Lexicon/Theme/BEDRCK
http://data.bgs.ac.uk/id/Lexicon/NamedRockUnit/CCSB	http://data.bgs.ac.uk/id/Lexicon/Theme/BEDRCK
http://data.bgs.ac.uk/id/Lexicon/NamedRockUnit/CKLF	http://data.bgs.ac.uk/id/Lexicon/Theme/BEDRCK
http://data.bgs.ac.uk/id/Lexicon/NamedRockUnit/LRG	http://data.bgs.ac.uk/id/Lexicon/Theme/BEDRCK
http://data.bgs.ac.uk/id/Lexicon/NamedRockUnit/MALL	http://data.bgs.ac.uk/id/Lexicon/Theme/BEDRCK
http://data.bgs.ac.uk/id/Lexicon/NamedRockUnit/MPIE	http://data.bgs.ac.uk/id/Lexicon/Theme/BEDRCK
http://data.bgs.ac.uk/id/Lexicon/NamedRockUnit/PERP	http://data.bgs.ac.uk/id/Lexicon/Theme/BEDRCK
http://data.bgs.ac.uk/id/Lexicon/NamedRockUnit/GDES1	http://data.bgs.ac.uk/id/Lexicon/Theme/BEDRCK
http://data.bgs.ac.uk/id/Lexicon/NamedRockUnit/CFD	http://data.bgs.ac.uk/id/Lexicon/Theme/SPRFCL
http://data.bgs.ac.uk/id/Lexicon/NamedRockUnit/DRUC	http://data.bgs.ac.uk/id/Lexicon/Theme/BEDRCK
http://data.bgs.ac.uk/id/Lexicon/NamedRockUnit/BAGR	http://data.bgs.ac.uk/id/Lexicon/Theme/BEDRCK
http://data.bgs.ac.uk/id/Lexicon/NamedRockUnit/IGLD	http://data.bgs.ac.uk/id/Lexicon/Theme/SPRFCL
http://data.bgs.ac.uk/id/Lexicon/NamedRockUnit/BKSY	http://data.bgs.ac.uk/id/Lexicon/Theme/BEDRCK
http://data.bgs.ac.uk/id/Lexicon/NamedRockUnit/NEBAS	http://data.bgs.ac.uk/id/Lexicon/Theme/BEDRCK
http://data.bgs.ac.uk/id/Lexicon/NamedRockUnit/MATH	http://data.bgs.ac.uk/id/Lexicon/Theme/BEDRCK
http://data.bgs.ac.uk/id/Lexicon/NamedRockUnit/CQ	http://data.bgs.ac.uk/id/Lexicon/Theme/BEDRCK
http://data.bgs.ac.uk/id/Lexicon/NamedRockUnit/MBCD	http://data.bgs.ac.uk/id/Lexicon/Theme/BEDRCK
http://data.bgs.ac.uk/id/Lexicon/NamedRockUnit/UAQB	http://data.bgs.ac.uk/id/Lexicon/Theme/BEDRCK
http://data.bgs.ac.uk/id/Lexicon/NamedRockUnit/BKF	http://data.bgs.ac.uk/id/Lexicon/Theme/BEDRCK
http://data.bgs.ac.uk/id/Lexicon/NamedRockUnit/DSA	http://data.bgs.ac.uk/id/Lexicon/Theme/BEDRCK
http://data.bgs.ac.uk/id/Lexicon/NamedRockUnit/GBI	http://data.bgs.ac.uk/id/Lexicon/Theme/BEDRCK
http://data.bgs.ac.uk/id/Lexicon/NamedRockUnit/BDNS	http://data.bgs.ac.uk/id/Lexicon/Theme/BEDRCK
http://data.bgs.ac.uk/id/Lexicon/NamedRockUnit/3QCC	http://data.bgs.ac.uk/id/Lexicon/Theme/BEDRCK
http://data.bgs.ac.uk/id/Lexicon/NamedRockUnit/NOL	http://data.bgs.ac.uk/id/Lexicon/Theme/BEDRCK
http://data.bgs.ac.uk/id/Lexicon/NamedRockUnit/OVS	http://data.bgs.ac.uk/id/Lexicon/Theme/BEDRCK
http://data.bgs.ac.uk/id/Lexicon/NamedRockUnit/WRE	http://data.bgs.ac.uk/id/Lexicon/Theme/BEDRCK
http://data.bgs.ac.uk/id/Lexicon/NamedRockUnit/BDWR	http://data.bgs.ac.uk/id/Lexicon/Theme/BEDRCK
http://data.bgs.ac.uk/id/Lexicon/NamedRockUnit/GRAD	http://data.bgs.ac.uk/id/Lexicon/Theme/BEDRCK
http://data.bgs.ac.uk/id/Lexicon/NamedRockUnit/SAPE	http://data.bgs.ac.uk/id/Lexicon/Theme/BEDRCK
http://data.bgs.ac.uk/id/Lexicon/NamedRockUnit/BAMC	http://data.bgs.ac.uk/id/Lexicon/Theme/BEDRCK
http://data.bgs.ac.uk/id/Lexicon/NamedRockUnit/DCLS	http://data.bgs.ac.uk/id/Lexicon/Theme/BEDRCK
http://data.bgs.ac.uk/id/Lexicon/NamedRockUnit/RBDU	http://data.bgs.ac.uk/id/Lexicon/Theme/SPRFCL
http://data.bgs.ac.uk/id/Lexicon/NamedRockUnit/BLBI	http://data.bgs.ac.uk/id/Lexicon/Theme/BEDRCK
http://data.bgs.ac.uk/id/Lexicon/NamedRockUnit/BUGP	http://data.bgs.ac.uk/id/Lexicon/Theme/BEDRCK
http://data.bgs.ac.uk/id/Lexicon/NamedRockUnit/HOS	http://data.bgs.ac.uk/id/Lexicon/Theme/BEDRCK
http://data.bgs.ac.uk/id/Lexicon/NamedRockUnit/AFB	http://data.bgs.ac.uk/id/Lexicon/Theme/BEDRCK
http://data.bgs.ac.uk/id/Lexicon/NamedRockUnit/SYDR	http://data.bgs.ac.uk/id/Lexicon/Theme/SPRFCL
http://data.bgs.ac.uk/id/Lexicon/NamedRockUnit/MCPAS	http://data.bgs.ac.uk/id/Lexicon/Theme/BEDRCK
http://data.bgs.ac.uk/id/Lexicon/NamedRockUnit/R1B2	http://data.bgs.ac.uk/id/Lexicon/Theme/BEDRCK
http://data.bgs.ac.uk/id/Lexicon/NamedRockUnit/RDBR	http://data.bgs.ac.uk/id/Lexicon/Theme/BEDRCK
http://data.bgs.ac.uk/id/Lexicon/NamedRockUnit/VIDL	http://data.bgs.ac.uk/id/Lexicon/Theme/BEDRCK
http://data.bgs.ac.uk/id/Lexicon/NamedRockUnit/USWO	http://data.bgs.ac.uk/id/Lexicon/Theme/BEDRCK
http://data.bgs.ac.uk/id/Lexicon/NamedRockUnit/MHS	http://data.bgs.ac.uk/id/Lexicon/Theme/BEDRCK
http://data.bgs.ac.uk/id/Lexicon/NamedRockUnit/BERE	http://data.bgs.ac.uk/id/Lexicon/Theme/SPRFCL
http://data.bgs.ac.uk/id/Lexicon/NamedRockUnit/MEW	http://data.bgs.ac.uk/id/Lexicon/Theme/BEDRCK
http://data.bgs.ac.uk/id/Lexicon/NamedRockUnit/AVF	http://data.bgs.ac.uk/id/Lexicon/Theme/BEDRCK
http://data.bgs.ac.uk/id/Lexicon/NamedRockUnit/WOU	http://data.bgs.ac.uk/id/Lexicon/Theme/BEDRCK
http://data.bgs.ac.uk/id/Lexicon/NamedRockUnit/DBDP	http://data.bgs.ac.uk/id/Lexicon/Theme/BEDRCK
http://data.bgs.ac.uk/id/Lexicon/NamedRockUnit/PESH	http://data.bgs.ac.uk/id/Lexicon/Theme/BEDRCK
http://data.bgs.ac.uk/id/Lexicon/NamedRockUnit/BOFL	http://data.bgs.ac.uk/id/Lexicon/Theme/BEDRCK
http://data.bgs.ac.uk/id/Lexicon/NamedRockUnit/SNLS	http://data.bgs.ac.uk/id/Lexicon/Theme/BEDRCK
http://data.bgs.ac.uk/id/Lexicon/NamedRockUnit/WHCK	http://data.bgs.ac.uk/id/Lexicon/Theme/BEDRCK
http://data.bgs.ac.uk/id/Lexicon/NamedRockUnit/P1	http://data.bgs.ac.uk/id/Lexicon/Theme/BEDRCK
http://data.bgs.ac.uk/id/Lexicon/NamedRockUnit/THM	http://data.bgs.ac.uk/id/Lexicon/Theme/BEDRCK
http://data.bgs.ac.uk/id/Lexicon/NamedRockUnit/CNSP	http://data.bgs.ac.uk/id/Lexicon/Theme/BEDRCK
http://data.bgs.ac.uk/id/Lexicon/NamedRockUnit/PTNI	http://data.bgs.ac.uk/id/Lexicon/Theme/BEDRCK
http://data.bgs.ac.uk/id/Lexicon/NamedRockUnit/TFWL	http://data.bgs.ac.uk/id/Lexicon/Theme/BEDRCK
http://data.bgs.ac.uk/id/Lexicon/NamedRockUnit/COYS	http://data.bgs.ac.uk/id/Lexicon/Theme/BEDRCK
http://data.bgs.ac.uk/id/Lexicon/NamedRockUnit/LMKL	http://data.bgs.ac.uk/id/Lexicon/Theme/BEDRCK
http://data.bgs.ac.uk/id/Lexicon/NamedRockUnit/WICO	http://data.bgs.ac.uk/id/Lexicon/Theme/BEDRCK
http://data.bgs.ac.uk/id/Lexicon/NamedRockUnit/DPCC	http://data.bgs.ac.uk/id/Lexicon/Theme/BEDRCK
http://data.bgs.ac.uk/id/Lexicon/NamedRockUnit/STE	http://data.bgs.ac.uk/id/Lexicon/Theme/BEDRCK
http://data.bgs.ac.uk/id/Lexicon/NamedRockUnit/THDC	http://data.bgs.ac.uk/id/Lexicon/Theme/BEDRCK
http://data.bgs.ac.uk/id/Lexicon/NamedRockUnit/LIHH	http://data.bgs.ac.uk/id/Lexicon/Theme/BEDRCK
http://data.bgs.ac.uk/id/Lexicon/NamedRockUnit/PMO	http://data.bgs.ac.uk/id/Lexicon/Theme/BEDRCK
http://data.bgs.ac.uk/id/Lexicon/NamedRockUnit/TTYC	http://data.bgs.ac.uk/id/Lexicon/Theme/BEDRCK
http://data.bgs.ac.uk/id/Lexicon/NamedRockUnit/LITI	http://data.bgs.ac.uk/id/Lexicon/Theme/SPRFCL
http://data.bgs.ac.uk/id/Lexicon/NamedRockUnit/CARB	http://data.bgs.ac.uk/id/Lexicon/Theme/BEDRCK
http://data.bgs.ac.uk/id/Lexicon/NamedRockUnit/BALY	http://data.bgs.ac.uk/id/Lexicon/Theme/BEDRCK
http://data.bgs.ac.uk/id/Lexicon/NamedRockUnit/DYDC	http://data.bgs.ac.uk/id/Lexicon/Theme/BEDRCK
http://data.bgs.ac.uk/id/Lexicon/NamedRockUnit/AVLI	http://data.bgs.ac.uk/id/Lexicon/Theme/BEDRCK
http://data.bgs.ac.uk/id/Lexicon/NamedRockUnit/BBKS	http://data.bgs.ac.uk/id/Lexicon/Theme/BEDRCK
http://data.bgs.ac.uk/id/Lexicon/NamedRockUnit/CMU	http://data.bgs.ac.uk/id/Lexicon/Theme/BEDRCK
http://data.bgs.ac.uk/id/Lexicon/NamedRockUnit/RTD6	http://data.bgs.ac.uk/id/Lexicon/Theme/SPRFCL
http://data.bgs.ac.uk/id/Lexicon/NamedRockUnit/CSC	http://data.bgs.ac.uk/id/Lexicon/Theme/BEDRCK
http://data.bgs.ac.uk/id/Lexicon/NamedRockUnit/POLG	http://data.bgs.ac.uk/id/Lexicon/Theme/BEDRCK
http://data.bgs.ac.uk/id/Lexicon/NamedRockUnit/LMPS	http://data.bgs.ac.uk/id/Lexicon/Theme/BEDRCK
http://data.bgs.ac.uk/id/Lexicon/NamedRockUnit/ROSSE	http://data.bgs.ac.uk/id/Lexicon/Theme/BEDRCK
http://data.bgs.ac.uk/id/Lexicon/NamedRockUnit/N0LS	http://data.bgs.ac.uk/id/Lexicon/Theme/BEDRCK
http://data.bgs.ac.uk/id/Lexicon/NamedRockUnit/TUY	http://data.bgs.ac.uk/id/Lexicon/Theme/BEDRCK
http://data.bgs.ac.uk/id/Lexicon/NamedRockUnit/CHWC	http://data.bgs.ac.uk/id/Lexicon/Theme/BEDRCK
http://data.bgs.ac.uk/id/Lexicon/NamedRockUnit/KEAD	http://data.bgs.ac.uk/id/Lexicon/Theme/BEDRCK
http://data.bgs.ac.uk/id/Lexicon/NamedRockUnit/WRS	http://data.bgs.ac.uk/id/Lexicon/Theme/BEDRCK
http://data.bgs.ac.uk/id/Lexicon/NamedRockUnit/SBKI	http://data.bgs.ac.uk/id/Lexicon/Theme/BEDRCK
http://data.bgs.ac.uk/id/Lexicon/NamedRockUnit/CORL	http://data.bgs.ac.uk/id/Lexicon/Theme/BEDRCK
http://data.bgs.ac.uk/id/Lexicon/NamedRockUnit/TAB	http://data.bgs.ac.uk/id/Lexicon/Theme/BEDRCK
http://data.bgs.ac.uk/id/Lexicon/NamedRockUnit/TALN	http://data.bgs.ac.uk/id/Lexicon/Theme/BEDRCK
http://data.bgs.ac.uk/id/Lexicon/NamedRockUnit/MBMQG	http://data.bgs.ac.uk/id/Lexicon/Theme/BEDRCK
http://data.bgs.ac.uk/id/Lexicon/NamedRockUnit/BIS	http://data.bgs.ac.uk/id/Lexicon/Theme/BEDRCK
http://data.bgs.ac.uk/id/Lexicon/NamedRockUnit/LAN	http://data.bgs.ac.uk/id/Lexicon/Theme/BEDRCK
http://data.bgs.ac.uk/id/Lexicon/NamedRockUnit/RML	http://data.bgs.ac.uk/id/Lexicon/Theme/BEDRCK
http://data.bgs.ac.uk/id/Lexicon/NamedRockUnit/DLB	http://data.bgs.ac.uk/id/Lexicon/Theme/BEDRCK
http://data.bgs.ac.uk/id/Lexicon/NamedRockUnit/OLDE	http://data.bgs.ac.uk/id/Lexicon/Theme/SPRFCL
http://data.bgs.ac.uk/id/Lexicon/NamedRockUnit/EILDE	http://data.bgs.ac.uk/id/Lexicon/Theme/BEDRCK
http://data.bgs.ac.uk/id/Lexicon/NamedRockUnit/LLE	http://data.bgs.ac.uk/id/Lexicon/Theme/BEDRCK
http://data.bgs.ac.uk/id/Lexicon/NamedRockUnit/BFA	http://data.bgs.ac.uk/id/Lexicon/Theme/BEDRCK
http://data.bgs.ac.uk/id/Lexicon/NamedRockUnit/RO4	http://data.bgs.ac.uk/id/Lexicon/Theme/SPRFCL
http://data.bgs.ac.uk/id/Lexicon/NamedRockUnit/LIT	http://data.bgs.ac.uk/id/Lexicon/Theme/BEDRCK
http://data.bgs.ac.uk/id/Lexicon/NamedRockUnit/FMEER	http://data.bgs.ac.uk/id/Lexicon/Theme/SPRFCL
http://data.bgs.ac.uk/id/Lexicon/NamedRockUnit/NFR	http://data.bgs.ac.uk/id/Lexicon/Theme/BEDRCK
http://data.bgs.ac.uk/id/Lexicon/NamedRockUnit/NEI	http://data.bgs.ac.uk/id/Lexicon/Theme/BEDRCK
http://data.bgs.ac.uk/id/Lexicon/NamedRockUnit/HTSH	http://data.bgs.ac.uk/id/Lexicon/Theme/BEDRCK
http://data.bgs.ac.uk/id/Lexicon/NamedRockUnit/PNF	http://data.bgs.ac.uk/id/Lexicon/Theme/BEDRCK
http://data.bgs.ac.uk/id/Lexicon/NamedRockUnit/MYGL	http://data.bgs.ac.uk/id/Lexicon/Theme/BEDRCK
http://data.bgs.ac.uk/id/Lexicon/NamedRockUnit/LPE	http://data.bgs.ac.uk/id/Lexicon/Theme/BEDRCK
http://data.bgs.ac.uk/id/Lexicon/NamedRockUnit/WAN	http://data.bgs.ac.uk/id/Lexicon/Theme/BEDRCK
http://data.bgs.ac.uk/id/Lexicon/NamedRockUnit/UTG	http://data.bgs.ac.uk/id/Lexicon/Theme/BEDRCK
http://data.bgs.ac.uk/id/Lexicon/NamedRockUnit/CBLC	http://data.bgs.ac.uk/id/Lexicon/Theme/BEDRCK
http://data.bgs.ac.uk/id/Lexicon/NamedRockUnit/RATG	http://data.bgs.ac.uk/id/Lexicon/Theme/BEDRCK
http://data.bgs.ac.uk/id/Lexicon/NamedRockUnit/YED	http://data.bgs.ac.uk/id/Lexicon/Theme/BEDRCK
http://data.bgs.ac.uk/id/Lexicon/NamedRockUnit/LEMA	http://data.bgs.ac.uk/id/Lexicon/Theme/BEDRCK
http://data.bgs.ac.uk/id/Lexicon/NamedRockUnit/BHGL	http://data.bgs.ac.uk/id/Lexicon/Theme/BEDRCK
http://data.bgs.ac.uk/id/Lexicon/NamedRockUnit/LTAN	http://data.bgs.ac.uk/id/Lexicon/Theme/BEDRCK
http://data.bgs.ac.uk/id/Lexicon/NamedRockUnit/WC	http://data.bgs.ac.uk/id/Lexicon/Theme/BEDRCK
http://data.bgs.ac.uk/id/Lexicon/NamedRockUnit/RLE14	http://data.bgs.ac.uk/id/Lexicon/Theme/BEDRCK
http://data.bgs.ac.uk/id/Lexicon/NamedRockUnit/TCTN	http://data.bgs.ac.uk/id/Lexicon/Theme/BEDRCK
http://data.bgs.ac.uk/id/Lexicon/NamedRockUnit/BEDN	http://data.bgs.ac.uk/id/Lexicon/Theme/BEDRCK
http://data.bgs.ac.uk/id/Lexicon/NamedRockUnit/MRI	http://data.bgs.ac.uk/id/Lexicon/Theme/BEDRCK
http://data.bgs.ac.uk/id/Lexicon/NamedRockUnit/ULL	http://data.bgs.ac.uk/id/Lexicon/Theme/BEDRCK
http://data.bgs.ac.uk/id/Lexicon/NamedRockUnit/CROW	http://data.bgs.ac.uk/id/Lexicon/Theme/BEDRCK
http://data.bgs.ac.uk/id/Lexicon/NamedRockUnit/BCWC	http://data.bgs.ac.uk/id/Lexicon/Theme/BEDRCK
http://data.bgs.ac.uk/id/Lexicon/NamedRockUnit/SBT	http://data.bgs.ac.uk/id/Lexicon/Theme/BEDRCK
http://data.bgs.ac.uk/id/Lexicon/NamedRockUnit/TFCK	http://data.bgs.ac.uk/id/Lexicon/Theme/BEDRCK
http://data.bgs.ac.uk/id/Lexicon/NamedRockUnit/UEXC	http://data.bgs.ac.uk/id/Lexicon/Theme/BEDRCK
http://data.bgs.ac.uk/id/Lexicon/NamedRockUnit/WETS	http://data.bgs.ac.uk/id/Lexicon/Theme/BEDRCK
http://data.bgs.ac.uk/id/Lexicon/NamedRockUnit/YWOR	http://data.bgs.ac.uk/id/Lexicon/Theme/BEDRCK
http://data.bgs.ac.uk/id/Lexicon/NamedRockUnit/CLRK	http://data.bgs.ac.uk/id/Lexicon/Theme/BEDRCK
http://data.bgs.ac.uk/id/Lexicon/NamedRockUnit/BAD	http://data.bgs.ac.uk/id/Lexicon/Theme/BEDRCK
http://data.bgs.ac.uk/id/Lexicon/NamedRockUnit/UDM	http://data.bgs.ac.uk/id/Lexicon/Theme/BEDRCK
http://data.bgs.ac.uk/id/Lexicon/NamedRockUnit/DOL	http://data.bgs.ac.uk/id/Lexicon/Theme/BEDRCK
http://data.bgs.ac.uk/id/Lexicon/NamedRockUnit/HAFD	http://data.bgs.ac.uk/id/Lexicon/Theme/BEDRCK
http://data.bgs.ac.uk/id/Lexicon/NamedRockUnit/LIWD	http://data.bgs.ac.uk/id/Lexicon/Theme/SPRFCL
http://data.bgs.ac.uk/id/Lexicon/NamedRockUnit/MTIL	http://data.bgs.ac.uk/id/Lexicon/Theme/SPRFCL
http://data.bgs.ac.uk/id/Lexicon/NamedRockUnit/UDSL	http://data.bgs.ac.uk/id/Lexicon/Theme/BEDRCK
http://data.bgs.ac.uk/id/Lexicon/NamedRockUnit/LWW	http://data.bgs.ac.uk/id/Lexicon/Theme/BEDRCK
http://data.bgs.ac.uk/id/Lexicon/NamedRockUnit/TR	http://data.bgs.ac.uk/id/Lexicon/Theme/BEDRCK
http://data.bgs.ac.uk/id/Lexicon/NamedRockUnit/LSV	http://data.bgs.ac.uk/id/Lexicon/Theme/BEDRCK
http://data.bgs.ac.uk/id/Lexicon/NamedRockUnit/AR1	http://data.bgs.ac.uk/id/Lexicon/Theme/SPRFCL
http://data.bgs.ac.uk/id/Lexicon/NamedRockUnit/CBNL	http://data.bgs.ac.uk/id/Lexicon/Theme/BEDRCK
http://data.bgs.ac.uk/id/Lexicon/NamedRockUnit/VCG	http://data.bgs.ac.uk/id/Lexicon/Theme/BEDRCK
http://data.bgs.ac.uk/id/Lexicon/NamedRockUnit/LOYD	http://data.bgs.ac.uk/id/Lexicon/Theme/BEDRCK
http://data.bgs.ac.uk/id/Lexicon/NamedRockUnit/KHB	http://data.bgs.ac.uk/id/Lexicon/Theme/BEDRCK
http://data.bgs.ac.uk/id/Lexicon/NamedRockUnit/BLOC	http://data.bgs.ac.uk/id/Lexicon/Theme/SPRFCL
http://data.bgs.ac.uk/id/Lexicon/NamedRockUnit/RT11A	http://data.bgs.ac.uk/id/Lexicon/Theme/SPRFCL
http://data.bgs.ac.uk/id/Lexicon/NamedRockUnit/CRKY	http://data.bgs.ac.uk/id/Lexicon/Theme/BEDRCK
http://data.bgs.ac.uk/id/Lexicon/NamedRockUnit/BKCG	http://data.bgs.ac.uk/id/Lexicon/Theme/BEDRCK
http://data.bgs.ac.uk/id/Lexicon/NamedRockUnit/RPSL	http://data.bgs.ac.uk/id/Lexicon/Theme/BEDRCK
http://data.bgs.ac.uk/id/Lexicon/NamedRockUnit/CWCO	http://data.bgs.ac.uk/id/Lexicon/Theme/BEDRCK
http://data.bgs.ac.uk/id/Lexicon/NamedRockUnit/PYG	http://data.bgs.ac.uk/id/Lexicon/Theme/BEDRCK
http://data.bgs.ac.uk/id/Lexicon/NamedRockUnit/FRE	http://data.bgs.ac.uk/id/Lexicon/Theme/BEDRCK
http://data.bgs.ac.uk/id/Lexicon/NamedRockUnit/WCO	http://data.bgs.ac.uk/id/Lexicon/Theme/BEDRCK
http://data.bgs.ac.uk/id/Lexicon/NamedRockUnit/STBC	http://data.bgs.ac.uk/id/Lexicon/Theme/BEDRCK
http://data.bgs.ac.uk/id/Lexicon/NamedRockUnit/LWDVS	http://data.bgs.ac.uk/id/Lexicon/Theme/SPRFCL
