yago,http://yago-knowledge.org/resource/
rdf,http://www.w3.org/1999/02/22-rdf-syntax-ns#
foaf,http://xmlns.com/foaf/0.1/
dbp,http://dbpedia.org/property/
dc,http://purl.org/dc/elements/1.1/
owl,http://www.w3.org/2002/07/owl#
rdfs,http://www.w3.org/2000/01/rdf-schema#
dbo,http://dbpedia.org/ontology/
ont,http://purl.org/net/ns/ontology-annot#
onto,http://www.ontotext.com/
skos,http://www.w3.org/2004/02/skos/core#
geo,http://www.w3.org/2003/01/geo/wgs84_pos#
rss,http://purl.org/rss/1.0/
gldp,http://www.w3.org/ns/people#
sioc,http://rdfs.org/sioc/ns#
fb,http://rdf.freebase.com/ns/
sc,http://purl.org/science/owl/sciencecommons/
geonames,http://www.geonames.org/ontology#
xsd,http://www.w3.org/2001/XMLSchema#
gr,http://purl.org/goodrelations/v1#
dcterms,http://purl.org/dc/terms/
org,http://www.w3.org/ns/org#
dbpedia,http://dbpedia.org/resource/
commerce,http://search.yahoo.com/searchmonkey/commerce/
bibo,http://purl.org/ontology/bibo/
qb,http://purl.org/linked-data/cube#
akt,http://www.aktors.org/ontology/portal#
md,http://www.w3.org/ns/md#
void,http://rdfs.org/ns/void#
swrc,http://swrc.ontoware.org/ontology#
cyc,http://sw.opencyc.org/concept/
content,http://purl.org/rss/1.0/modules/content/
doap,http://usefulinc.com/ns/doap#
vcard,http://www.w3.org/2006/vcard/ns#
xhtml,http://www.w3.org/1999/xhtml#
prov,http://www.w3.org/ns/prov#
ex,http://example.com/
sd,http://www.w3.org/ns/sparql-service-description#
pto,http://www.productontology.org/id/
aiiso,http://purl.org/vocab/aiiso/schema#
http,http://www.w3.org/2011/http#
vann,http://purl.org/vocab/vann/
wot,http://xmlns.com/wot/0.1/
gen,http://www.w3.org/2006/gen/ont#
nie,http://www.semanticdesktop.org/ontologies/2007/01/19/nie#
mo,http://purl.org/ontology/mo/
cc,http://creativecommons.org/ns#
dcmit,http://purl.org/dc/dcmitype/
bill,http://www.rdfabout.com/rdf/schema/usbill/
admin,http://webns.net/mvcb/
d2rq,http://www.wiwiss.fu-berlin.de/suhl/bizer/D2RQ/0.1#
test2,http://this.invalid/test2#
rel,http://purl.org/vocab/relationship/
bio,http://purl.org/vocab/bio/0.1/
cv,http://purl.org/captsolo/resume-rdf/0.2/cv#
og,http://opengraphprotocol.org/schema/
event,http://purl.org/NET/c4dm/event.owl#
factbook,http://wifo5-04.informatik.uni-mannheim.de/factbook/ns#
ical,http://www.w3.org/2002/12/cal/ical#
air,http://dig.csail.mit.edu/TAMI/2007/amord/air#
ad,http://schemas.talis.com/2005/address/schema#
tag,http://www.holygoat.co.uk/owl/redwood/0.1/tags/
media,http://purl.org/microformat/hmedia/
book,http://purl.org/NET/book/vocab#
swc,http://data.semanticweb.org/ns/swc/ontology#
botany,http://purl.org/NET/biol/botany#
earl,http://www.w3.org/ns/earl#
log,http://www.w3.org/2000/10/swap/log#
dv,http://rdf.data-vocabulary.org/#
fn,http://www.w3.org/2005/xpath-functions#
daia,http://purl.org/ontology/daia/
ctag,http://commontag.org/ns#
co,http://rhizomik.net/ontologies/copyrightonto.owl#
dcq,http://purl.org/dc/qualifiers/1.0/
musim,http://purl.org/ontology/similarity/
biblio,http://purl.org/net/biblio#
cld,http://purl.org/cld/terms/
osag,http://www.ordnancesurvey.co.uk/ontology/AdministrativeGeography/v2.0/AdministrativeGeography.rdf#
days,http://ontologi.es/days#
dir,http://schemas.talis.com/2005/dir/schema#
reco,http://purl.org/reco#
af,http://purl.org/ontology/af/
ome,http://purl.org/ontomedia/core/expression#
cs,http://purl.org/vocab/changeset/schema#
dcat,http://www.w3.org/ns/dcat#
rev,http://purl.org/stuff/rev#
afn,http://jena.hpl.hp.com/ARQ/function#
xhv,http://www.w3.org/1999/xhtml/vocab#
ir,http://www.ontologydesignpatterns.org/cp/owl/informationrealization.owl#
xfn,http://vocab.sindice.com/xfn#
sr,http://www.openrdf.org/config/repository/sail#
sism,http://purl.oclc.org/NET/sism/0.1/
cmp,http://www.ontologydesignpatterns.org/cp/owl/componency.owl#
cfp,http://sw.deri.org/2005/08/conf/cfp.owl#
memo,http://ontologies.smile.deri.ie/2009/02/27/memo#
xf,http://www.w3.org/2002/xforms/
rdfg,http://www.w3.org/2004/03/trix/rdfg-1/
rif,http://www.w3.org/2007/rif#
mu,http://www.kanzaki.com/ns/music#
swanq,http://purl.org/swan/1.2/qualifiers/
ok,http://okkam.org/terms#
pc,http://purl.org/procurement/public-contracts#
giving,http://ontologi.es/giving#
swande,http://purl.org/swan/1.2/discourse-elements/
tzont,http://www.w3.org/2006/timezone#
math,http://www.w3.org/2000/10/swap/math#
owlim,http://www.ontotext.com/trree/owlim#
dcn,http://www.w3.org/2007/uwa/context/deliverycontext.owl#
lomvoc,http://ltsc.ieee.org/rdf/lomv1p0/vocabulary#
myspace,http://purl.org/ontology/myspace#
jdbc,http://d2rq.org/terms/jdbc/
con,http://www.w3.org/2000/10/swap/pim/contact#
oo,http://purl.org/openorg/
drugbank,http://www4.wiwiss.fu-berlin.de/drugbank/resource/drugbank/
schema,http://schema.org/
cert,http://www.w3.org/ns/auth/cert#
frbr,http://purl.org/vocab/frbr/core#
vs,http://www.w3.org/2003/06/sw-vocab-status/ns#
spacerel,http://data.ordnancesurvey.co.uk/ontology/spatialrelations/
ac,http://umbel.org/umbel/ac/
sider,http://www4.wiwiss.fu-berlin.de/sider/resource/sider/
nfo,http://www.semanticdesktop.org/ontologies/2007/03/22/nfo#
wn20schema,http://www.w3.org/2006/03/wn/wn20/schema/
rr,http://www.w3.org/ns/r2rml#
movie,http://data.linkedmdb.org/resource/movie/
sioct,http://rdfs.org/sioc/types#
swrcfe,http://www.morelab.deusto.es/ontologies/swrcfe#
rsa,http://www.w3.org/ns/auth/rsa#
akts,http://www.aktors.org/ontology/support#
ma,http://www.w3.org/ns/ma-ont#
ov,http://open.vocab.org/terms/
po,http://purl.org/ontology/po/
loc,http://www.w3.org/2007/uwa/context/location.owl#
prv,http://purl.org/net/provenance/ns#
acm,http://www.rkbexplorer.com/ontologies/acm#
uniprot,http://purl.uniprot.org/core/
time,http://www.w3.org/2006/time#
adms,http://www.w3.org/ns/adms#
cnt,http://www.w3.org/2011/content#
pmlj,http://inference-web.org/2.0/pml-justification.owl#
swrl,http://www.w3.org/2003/11/swrl#
granatum,http://chem.deri.ie/granatum/
db,http://dbpedia.org/
music,http://musicontology.com/
wo,http://purl.org/ontology/wo/
daml,http://www.daml.org/2001/03/daml+oil#
link,http://www.w3.org/2006/link#
marcrel,http://id.loc.gov/vocabulary/relators/
xtypes,http://purl.org/xtypes/
test,http://test2.example.com/
pr,http://purl.org/ontology/prv/core#
tmo,http://www.semanticdesktop.org/ontologies/2008/05/20/tmo#
ore,http://www.openarchives.org/ore/terms/
biocore,http://bio2rdf.org/core#
abc,http://www.metadata.net/harmony/ABCSchemaV5Commented.rdf#
lode,http://linkedevents.org/ontology/
dcam,http://purl.org/dc/dcam/
acl,http://www.w3.org/ns/auth/acl#
wdrs,http://www.w3.org/2007/05/powder-s#
taxo,http://purl.org/rss/1.0/modules/taxonomy/
swrlb,http://www.w3.org/2003/11/swrlb#
wn,http://xmlns.com/wordnet/1.6/
oauth,http://demiblog.org/vocab/oauth#
bio2rdf,http://bio2rdf.org/
politico,http://www.rdfabout.com/rdf/schema/politico/
scovo,http://purl.org/NET/scovo#
mit,http://purl.org/ontology/mo/mit#
compass,http://purl.org/net/compass#
zoology,http://purl.org/NET/biol/zoology#
umbel,http://umbel.org/umbel#
chord,http://purl.org/ontology/chord/
omt,http://purl.org/ontomedia/ext/common/trait#
usgov,http://www.rdfabout.com/rdf/schema/usgovt/
skosxl,http://www.w3.org/2008/05/skos-xl#
protege,http://protege.stanford.edu/system#
irw,http://www.ontologydesignpatterns.org/ont/web/irw.owl#
tl,http://purl.org/NET/c4dm/timeline.owl#
java,http://www.w3.org/2007/uwa/context/java.owl#
sede,http://eventography.org/sede/0.1/
nao,http://www.semanticdesktop.org/ontologies/2007/08/15/nao#
ya,http://blogs.yandex.ru/schema/foaf/
courseware,http://courseware.rkbexplorer.com/ontologies/courseware#
whois,http://www.kanzaki.com/ns/whois#
doc,http://www.w3.org/2000/10/swap/pim/doc#
lfm,http://purl.org/ontology/last-fm/
nco,http://www.semanticdesktop.org/ontologies/2007/03/22/nco#
irrl,http://www.ontologydesignpatterns.org/cp/owl/informationobjectsandrepresentationlanguages.owl#
user,http://schemas.talis.com/2005/user/schema#
exif,http://www.w3.org/2003/12/exif/ns#
omb,http://purl.org/ontomedia/ext/common/being#
scot,http://rdfs.org/scot/ns#
fresnel,http://www.w3.org/2004/09/fresnel#
lingvoj,http://www.lingvoj.org/ontology#
lgd,http://linkedgeodata.org/vocabulary#
rep,http://www.openrdf.org/config/repository#
vote,http://www.rdfabout.com/rdf/schema/vote/
rnews,http://iptc.org/std/rNews/2011-10-07#
geoes,http://geo.linkeddata.es/ontology/
so,http://purl.org/ontology/symbolic-music/
ti,http://www.ontologydesignpatterns.org/cp/owl/timeinterval.owl#
nsogi,http://prefix.cc/nsogi:
acc,http://purl.org/NET/acc#
powder,http://www.w3.org/2007/05/powder#
audio,http://purl.org/media/audio#
iswc,http://annotation.semanticweb.org/2004/iswc#
spl,http://spinrdf.org/spl#
spin,http://spinrdf.org/spin#
bibtex,http://purl.oclc.org/NET/nknouf/ns/bibtex#
resex,http://resex.rkbexplorer.com/ontologies/resex#
label,http://purl.org/net/vocab/2004/03/label#
atom,http://www.w3.org/2005/Atom/
rec,http://purl.org/ontology/rec/core#
unit,http://qudt.org/vocab/unit#
lx,http://purl.org/NET/lx#
affy,http://www.affymetrix.com/community/publications/affymetrix/tmsplice#
biol,http://purl.org/NET/biol/ns#
rei,http://www.w3.org/2004/06/rei#
nrl,http://www.semanticdesktop.org/ontologies/2007/08/15/nrl#
os,http://www.w3.org/2000/10/swap/os#
sp,http://spinrdf.org/sp#
moat,http://moat-project.org/ns#
ne,http://umbel.org/umbel/ne/
atomix,http://buzzword.org.uk/rdf/atomix#
pmlp,http://inference-web.org/2.0/pml-provenance.owl#
spc,http://purl.org/ontomedia/core/space#
omp,http://purl.org/ontomedia/ext/common/profession#
fec,http://www.rdfabout.com/rdf/schema/usfec/
wordmap,http://purl.org/net/ns/wordmap#
imm,http://schemas.microsoft.com/imm/
dailymed,http://www4.wiwiss.fu-berlin.de/dailymed/resource/dailymed/
opm,http://openprovenance.org/ontology#
meta,http://www.openrdf.org/rdf/2009/metadata#
code,http://telegraphis.net/ontology/measurement/code#
doac,http://ramonantonio.net/doac/0.1/#
doclist,http://www.junkwork.net/xml/DocumentList#
ibis,http://purl.org/ibis#
crm,http://www.cidoc-crm.org/cidoc-crm/
coref,http://www.rkbexplorer.com/ontologies/coref#
lotico,http://www.lotico.com/resource/
sail,http://www.openrdf.org/config/sail#
sit,http://www.ontologydesignpatterns.org/cp/owl/situation.owl#
ncal,http://www.semanticdesktop.org/ontologies/2007/04/02/ncal#
xen,http://buzzword.org.uk/rdf/xen#
kwijibo,http://kwijibo.talis.com/
video,http://purl.org/media/video#
hcterms,http://purl.org/uF/hCard/terms/
nexif,http://www.semanticdesktop.org/ontologies/2007/05/10/nexif#
resist,http://www.rkbexplorer.com/ontologies/resist#
p3p,http://www.w3.org/2002/01/p3prdfv1#
lang,http://ontologi.es/lang/core#
go,http://www.geneontology.org/go#
space,http://purl.org/net/schemas/space/
prj,http://purl.org/stuff/project/
lifecycle,http://purl.org/vocab/lifecycle/schema#
grddl,http://www.w3.org/2003/g/data-view#
admingeo,http://data.ordnancesurvey.co.uk/ontology/admingeo/
ecs,http://rdf.ecs.soton.ac.uk/ontology/ecs#
h5,http://buzzword.org.uk/rdf/h5#
nmo,http://www.semanticdesktop.org/ontologies/2007/03/22/nmo#
eg,http://eulergui.sourceforge.net/engine.owl#
hlisting,http://sindice.com/hlisting/0.1/
kb,http://deductions.sf.net/ontology/knowledge_base.owl#
hard,http://www.w3.org/2007/uwa/context/hardware.owl#
madsrdf,http://www.loc.gov/mads/rdf/v1#
eztag,http://ontologies.ezweb.morfeo-project.org/eztag/ns#
airport,http://www.daml.org/2001/10/html/airport-ont#
room,http://vocab.deri.ie/rooms#
omc,http://purl.org/ontomedia/ext/common/bestiary#
osgb,http://data.ordnancesurvey.co.uk/id/
xro,http://purl.org/xro/ns#
xhe,http://buzzword.org.uk/rdf/xhtml-elements#
lfn,http://www.dotnetrdf.org/leviathan#
sdmx,http://purl.org/linked-data/sdmx#
formats,http://www.w3.org/ns/formats/
prism,http://prismstandard.org/namespaces/basic/2.0/
isbd,http://iflastandards.info/ns/isbd/elements/
wnschema,http://www.cogsci.princeton.edu/~wn/schema/
sdl,http://purl.org/vocab/riro/sdl#
bsbm,http://www4.wiwiss.fu-berlin.de/bizer/bsbm/v01/vocabulary/
sv,http://schemas.talis.com/2005/service/schema#
core,http://vivoweb.org/ontology/core#
meetup,http://www.lotico.com/meetup/
climb,http://climb.dataincubator.org/vocabs/climb/
custom,http://www.openrdf.org/config/sail/custom#
phss,http://ns.poundhill.com/phss/1.0/
c4n,http://vocab.deri.ie/c4n#
resource,http://purl.org/vocab/resourcelist/schema#
lv,http://purl.org/lobid/lv#
ddc,http://purl.org/NET/decimalised#
lom,http://ltsc.ieee.org/rdf/lomv1p0/lom#
money,http://purl.org/net/rdf-money/
wv,http://vocab.org/waiver/terms/
ping,http://purl.org/net/pingback/
es,http://eulersharp.sourceforge.net/2003/03swap/log-rules#
net,http://www.w3.org/2007/uwa/context/network.owl#
like,http://ontologi.es/like#
ptr,http://www.w3.org/2009/pointers#
mysql,http://web-semantics.org/ns/mysql/
swandr,http://purl.org/swan/1.2/discourse-relationships/
voaf,http://purl.org/vocommons/voaf#
gpt,http://purl.org/vocab/riro/gpt#
product,http://purl.org/commerce/product#
smf,http://topbraid.org/sparqlmotionfunctions#
smiley,http://www.smileyontology.com/ns#
sesame,http://www.openrdf.org/schema/sesame#
ddl,http://purl.org/vocab/riro/ddl#
cycann,http://sw.cyc.com/CycAnnotations_v1#
meteo,http://purl.org/ns/meteo#
dul,http://www.loa-cnr.it/ontologies/DUL.owl#
swp,http://www.w3.org/2004/03/trix/swp-2/
qdoslf,http://foaf.qdos.com/lastfm/schema/
sml,http://topbraid.org/sparqlmotionlib#
lt,http://diplomski.nelakolundzija.org/LTontology.rdf#
rdfa,http://www.w3.org/ns/rdfa#
dblp,http://dblp.l3s.de/d2r/page/authors/
frbre,http://purl.org/vocab/frbr/extended#
osoc,http://web-semantics.org/ns/opensocial#
gold,http://purl.org/linguistics/gold/
fed,http://www.openrdf.org/config/sail/federation#
trackback,http://madskills.com/public/xml/rss/module/trackback/
obj,http://www.openrdf.org/rdf/2009/object#
ire,http://www.ontologydesignpatterns.org/cpont/ire.owl#
cco,http://purl.org/ontology/cco/core#
omm,http://purl.org/ontomedia/core/media#
pmt,http://tipsy.googlecode.com/svn/trunk/vocab/pmt#
list,http://www.w3.org/2000/10/swap/list#
tdb,http://jena.hpl.hp.com/2008/tdb#
common,http://www.w3.org/2007/uwa/context/common.owl#
puc,http://purl.org/NET/puc#
nid3,http://www.semanticdesktop.org/ontologies/2007/05/10/nid3#
profiling,http://ontologi.es/profiling#
pmlr,http://inference-web.org/2.0/pml-relation.owl#
b2bo,http://purl.org/b2bo#
tripfs,http://purl.org/tripfs/2010/02#
am,http://vocab.deri.ie/am#
imreg,http://www.w3.org/2004/02/image-regions#
oat,http://openlinksw.com/schemas/oat/
prissma,http://ns.inria.fr/prissma/v1#
bib,http://zeitkunst.org/bibtex/0.1/bibtex.owl#
oc,http://opencoinage.org/rdf/
string,http://www.w3.org/2000/10/swap/string#
push,http://www.w3.org/2007/uwa/context/push.owl#
tio,http://purl.org/tio/ns#
psych,http://purl.org/vocab/psychometric-profile/
swanpav,http://purl.org/swan/1.2/pav/
dummy,http://hello.com/
soft,http://www.w3.org/2007/uwa/context/software.owl#
opo,http://online-presence.net/opo/ns#
geographis,http://telegraphis.net/ontology/geography/geography#
okkam,http://models.okkam.org/ENS-core-vocabulary#
swh,http://plugin.org.uk/swh-plugins/
states,http://www.w3.org/2005/07/aaa#
dady,http://purl.org/NET/dady#
web,http://www.w3.org/2007/uwa/context/web.owl#
ezcontext,http://ontologies.ezweb.morfeo-project.org/ezcontext/ns#
xl,http://langegger.at/xlwrap/vocab#
awol,http://bblfish.net/work/atom-owl/2006-06-06/#
aifb,http://www.aifb.kit.edu/id/
ro,http://purl.org/wf4ever/ro#
crypto,http://www.w3.org/2000/10/swap/crypto#
swanag,http://purl.org/swan/1.2/agents/
evset,http://dsnotify.org/vocab/eventset/0.1/
opensearch,http://a9.com/-/spec/opensearch/1.1/
conv,http://purl.org/twc/vocab/conversion/
plink,http://buzzword.org.uk/rdf/personal-link-types#
conserv,http://conserv.deri.ie/ontology#
oa,http://www.w3.org/ns/oa#
swanco,http://purl.org/swan/1.2/swan-commons/
mf,http://www.w3.org/2001/sw/DataAccess/tests/test-manifest#
coin,http://purl.org/court/def/2009/coin#
play,http://uriplay.org/spec/ontology/#
sparql,http://ontologi.es/sparql#
wisski,http://wiss-ki.eu/
ldap,http://purl.org/net/ldap/
xhtmlvocab,http://www.w3.org/1999/xhtml/vocab/
urn,http://fliqz.com/
ps,https://w3id.org/payswarm#
ao,http://purl.org/ontology/ao/core#
pimo,http://www.semanticdesktop.org/ontologies/2007/11/01/pimo#
ttl,http://www.w3.org/2008/turtle#
swivt,http://semantic-mediawiki.org/swivt/1.0#
game,http://data.totl.net/game/
sm,http://topbraid.org/sparqlmotion#
wairole,http://www.w3.org/2005/01/wai-rdf/GUIRoleTaxonomy#
lark1,http://users.utcluj.ro/~raluca/ontology/Ontology1279614123500.owl#
xesam,http://freedesktop.org/standards/xesam/1.0/core#
isi,http://purl.org/ontology/is/inst/
ct,http://data.linkedct.org/resource/linkedct/
sawsdl,http://www.w3.org/ns/sawsdl#
evopat,http://ns.aksw.org/Evolution/
txn,http://lod.taxonconcept.org/ontology/txn.owl#
uri,http://purl.org/NET/uri#
olo,http://purl.org/ontology/olo/core#
swanci,http://purl.org/swan/1.2/citations/
food,http://purl.org/foodontology#
postcode,http://data.ordnancesurvey.co.uk/id/postcodeunit/
opus,http://lsdis.cs.uga.edu/projects/semdis/opus#
bookmark,http://www.w3.org/2002/01/bookmark#
isq,http://purl.org/ontology/is/quality/
acco,http://purl.org/acco/ns#
anca,http://users.utcluj.ro/~raluca/rdf_ontologies_ralu/ralu_modified_ontology_pizzas2_0#
sl,http://www.semanlink.net/2001/00/semanlink-schema#
geospecies,http://rdf.geospecies.org/ont/geospecies#
sport,http://www.bbc.co.uk/ontologies/sport/
remus,http://www.semanticweb.org/ontologies/2010/6/Ontology1279614123500.owl#
ist,http://purl.org/ontology/is/types/
swid,http://semanticweb.org/id/
sec,https://w3id.org/security#
status,http://ontologi.es/status#
dayta,http://dayta.me/resource#
sysont,http://ns.ontowiki.net/SysOnt/
cito,http://purl.org/spar/cito/
pgterms,http://www.gutenberg.org/2009/pgterms/
edm,http://www.europeana.eu/schemas/edm/
pdo,http://ontologies.smile.deri.ie/pdo#
rulz,http://purl.org/NET/rulz#
site,http://ns.ontowiki.net/SysOnt/Site/
httph,http://www.w3.org/2007/ont/httph#
yoda,http://purl.org/NET/yoda#
act,http://www.w3.org/2007/rif-builtin-action#
cpv,http://purl.org/weso/cpv/
sioca,http://rdfs.org/sioc/actions#
derecho,http://purl.org/derecho#
oboro,http://obofoundry.org/ro/ro.owl#
prvtypes,http://purl.org/net/provenance/types#
muto,http://purl.org/muto/core#
linkedct,http://data.linkedct.org/vocab/
prot,http://www.proteinontology.info/po.owl#
gml,http://www.opengis.net/ont/gml#
xbrli,http://www.xbrl.org/2003/instance#
wlp,http://weblab-project.org/core/model/property/processing/
search,http://sindice.com/vocab/search#
pmlt,http://inference-web.org/2.0/pml-trust.owl#
opmv,http://purl.org/net/opmv/ns#
w3p,http://prov4j.org/w3p/
dnr,http://www.dotnetrdf.org/configuration#
sio,http://semanticscience.org/resource/
nsa,http://multimedialab.elis.ugent.be/organon/ontologies/ninsuna#
lvont,http://lexvo.org/ontology#
library,http://purl.org/library/
ean,http://openean.kaufkauf.net/id/
drug,http://www.agfa.com/w3c/2009/drugTherapy#
nt,http://ns.inria.fr/nicetag/2010/09/09/voc#
loticoowl,http://www.lotico.com/ontology/
agents,http://eulersharp.sourceforge.net/2003/03swap/agent#
pobo,http://purl.obolibrary.org/obo/
organism,http://eulersharp.sourceforge.net/2003/03swap/organism#
posh,http://poshrdf.org/ns/posh/
fabio,http://purl.org/spar/fabio/
tarot,http://data.totl.net/tarot/card/
lgdo,http://linkedgeodata.org/ontology/
is,http://purl.org/ontology/is/core#
pbo,http://purl.org/ontology/pbo/core#
session,http://redfoot.net/2005/session#
biopax,http://www.biopax.org/release/biopax-level3.owl#
languages,http://eulersharp.sourceforge.net/2003/03swap/languages#
organiz,http://eulersharp.sourceforge.net/2003/03swap/organization#
sindice,http://vocab.sindice.net/
gridworks,http://purl.org/net/opmv/types/gridworks#
healthcare,http://www.agfa.com/w3c/2009/healthCare#
muo,http://purl.oclc.org/NET/muo/muo#
arch,http://purl.org/archival/vocab/arch#
ssn,http://purl.oclc.org/NET/ssnx/ssn#
eprints,http://eprints.org/ontology/
countries,http://eulersharp.sourceforge.net/2003/03swap/countries#
rail,http://ontologi.es/rail/vocab#
lp,http://launchpad.net/rdf/launchpad#
ui,http://www.w3.org/ns/ui#
r2r,http://www4.wiwiss.fu-berlin.de/bizer/r2r/
cos,http://www.inria.fr/acacia/corese#
lemon,http://lemon-model.net/lemon#
zbwext,http://zbw.eu/namespaces/zbw-extensions/
enc,http://www.w3.org/2001/04/xmlenc#
ldp,http://www.w3.org/ns/ldp#
gnd,http://d-nb.info/gnd/
res,http://www.w3.org/2005/sparql-results#
protons,http://proton.semanticweb.org/2005/04/protons#
places,http://purl.org/ontology/places#
human,http://eulersharp.sourceforge.net/2003/03swap/human#
vsr,http://purl.org/twc/vocab/vsr#
dgfoaf,http://west.uni-koblenz.de/ontologies/2010/07/dgfoaf.owl#
nocal,http://vocab.deri.ie/nocal#
phil,http://philosurfical.open.ac.uk/ontology/philosurfical.owl/
geodata,http://sws.geonames.org/
govwild,http://govwild.org/0.6/GWOntology.rdf/
bf,http://bibframe.org/vocab/
agetec,http://www.agetec.org/
webtlab,http://webtlab.it.uc3m.es/
s4ac,http://ns.inria.fr/s4ac/v2#
odp,http://ontologydesignpatterns.org/
fab,http://purl.org/fab/ns#
nif,http://persistence.uni-leipzig.org/nlp2rdf/ontologies/nif-core#
payment,http://reference.data.gov.uk/def/payment#
opwn,http://www.ontologyportal.org/WordNet.owl#
wordnet,http://purl.org/vocabularies/princeton/wordnet/schema#
com,http://purl.org/commerce#
c4o,http://purl.org/spar/c4o/
bioskos,http://eulersharp.sourceforge.net/2003/03swap/bioSKOSSchemes#
cdm,http://purl.org/twc/ontology/cdm.owl#
interval,http://reference.data.gov.uk/def/intervals/
lyou,http://purl.org/linkingyou/
dbnary,http://kaiko.getalp.org/dbnary#
genab,http://eulersharp.sourceforge.net/2003/03swap/genomeAbnormality#
provenir,http://knoesis.wright.edu/provenir/provenir.owl#
openlinks,http://www.openlinksw.com/schemas/virtrdf#
georss,http://www.georss.org/georss/
linkedmdb,http://data.linkedmdb.org/sparql/
quak,http://dev.w3.org/cvsweb/2000/quacken/vocab#
events,http://eulersharp.sourceforge.net/2003/03swap/event#
metalex,http://www.metalex.eu/schema/1.0#
esd,http://def.esd.org.uk/
card,http://www.ashutosh.com/test/
aair,http://xmlns.notu.be/aair#
ass,http://uptheasset.org/ontology#
req,http://purl.org/req/
mygrid,http://www.mygrid.org.uk/ontology#
icaltzd,http://www.w3.org/2002/12/cal/icaltzd#
dso,http://purl.org/ontology/dso#
nndsr,http://semanticdiet.com/schema/usda/nndsr/
humanbody,http://eulersharp.sourceforge.net/2003/03swap/humanBody#
ceo,http://www.ebusiness-unibw.org/ontologies/consumerelectronics/v1#
xsl,http://www.w3.org/1999/XSL/Transform#
malignneo,http://www.agfa.com/w3c/2009/malignantNeoplasm#
cidoc,http://erlangen-crm.org/current/
vitro,http://vitro.mannlib.cornell.edu/ns/vitro/public#
dgtwc,http://data-gov.tw.rpi.edu/2009/data-gov-twc.rdf#
hemogram,http://www.agfa.com/w3c/2009/hemogram#
commons,http://commons.psi.enakting.org/def/
sco,http://purl.org/ontology/sco#
clineva,http://www.agfa.com/w3c/2009/clinicalEvaluation#
dwc,http://rs.tdwg.org/dwc/terms/
decl,http://www.linkedmodel.org/1.0/schema/decl#
toby,http://tobyinkster.co.uk/#
edam,http://purl.bioontology.org/ontology/EDAM/
arpfo,http://vocab.ouls.ox.ac.uk/projectfunding#
ngeo,http://geovocab.org/geometry#
vso,http://purl.org/vso/ns#
eat,http://www.awesomesauce.net/urmom/
idemo,http://rdf.insee.fr/def/demo#
pml,http://provenanceweb.org/ns/pml#
dita,http://purl.org/dita/ns#
wao,http://webtlab.it.uc3m.es/2010/10/WebAppsOntology#
hospital,http://www.agfa.com/w3c/2009/hospital#
care,http://eulersharp.sourceforge.net/2003/03swap/care#
prvr,http://purl.org/ontology/prv/rules#
datafaqs,http://purl.org/twc/vocab/datafaqs#
tripfs2,http://purl.org/tripfs/2010/06#
umbelrc,http://umbel.org/umbel/rc/
apivc,http://purl.org/linked-data/api/vocab#
gsp,http://www.opengis.net/ont/geosparql#
ocd,http://dati.camera.it/ocd/
npg,http://ns.nature.com/terms/
lod2,http://lod2.eu/schema/
units,http://eulersharp.sourceforge.net/2003/03swap/unitsExtension#
ccom,http://purl.org/ontology/cco/mappings#
gelo,http://krauthammerlab.med.yale.edu/ontologies/gelo#
tei,http://www.tei-c.org/ns/1.0/
sig,http://purl.org/signature#
hints2005,http://purl.org/twc/cabig/model/HINTS2005-1.owl#
name,http://example.org/name#
zem,http://s.zemanta.com/ns#
voag,http://voag.linkedmodel.org/schema/voag#
pom,http://maven.apache.org/POM/4.0.0#
cmo,http://purl.org/twc/ontologies/cmo.owl#
quantities,http://eulersharp.sourceforge.net/2003/03swap/quantitiesExtension#
cordis,http://www4.wiwiss.fu-berlin.de/cordis/resource/cordis/
gc,http://www.oegov.org/core/owl/gc#
spatial,http://geovocab.org/spatial#
span,http://www.ifomis.org/bfo/1.1/span#
environ,http://eulersharp.sourceforge.net/2003/03swap/environment#
wai,http://purl.org/wai#
scowt,http://purl.org/weso/ontologies/scowt#
theatre,http://purl.org/theatre#
ann,http://www.w3.org/2000/10/annotation-ns#
cpm,http://catalogus-professorum.org/cpm/
rov,http://www.w3.org/ns/regorg#
transmed,http://www.w3.org/2001/sw/hcls/ns/transmed/
clinproc,http://www.agfa.com/w3c/2009/clinicalProcedure#
pro,http://purl.org/hpi/patchr#
prog,http://purl.org/prog/
wf,http://www.w3.org/2005/01/wf/flow#
eco,http://www.ebusiness-unibw.org/ontologies/eclass/5.1.4/#
bif,http://www.openlinksw.com/schema/sparql/extensions#
br,http://vocab.deri.ie/br#
dco,http://info.deepcarbon.net/schema#
rda,http://www.rdaregistry.info/
visit,http://purl.org/net/vocab/2004/07/visit#
aneo,http://akonadi-project.org/ontologies/aneo#
fowl,http://www.w3.org/TR/2003/PR-owl-guide-20031209/food#
semtweet,http://semantictweet.com/
uni,http://purl.org/weso/uni/uni.html#
bte,http://purl.org/twc/vocab/between-the-edges/
prefix,http://prefix.cc/
marl,http://www.gsi.dit.upm.es/ontologies/marl/ns#
mpeg7,http://rhizomik.net/ontologies/2005/03/Mpeg7-2001.owl#
qudt,http://qudt.org/1.1/schema/qudt#
p20,http://zbw.eu/beta/p20/vocab/
person,http://www.w3.org/ns/person#
fise,http://fise.iks-project.eu/ontology/
cgov,http://reference.data.gov.uk/def/central-government/
eye,http://jena.hpl.hp.com/Eyeball#
muni,http://vocab.linkeddata.es/urbanismo-infraestructuras/territorio#
cheminf,http://www.semanticweb.org/ontologies/cheminf.owl#
cidoccrm,http://purl.org/NET/cidoc-crm/core#
efo,http://www.ebi.ac.uk/efo/
ogp,http://ogp.me/ns#
igeo,http://rdf.insee.fr/def/geo#
category,http://dbpedia.org/resource/Category:
skip,http://skipforward.net/skipforward/resource/
bcnnorms,http://datos.bcn.cl/ontologies/bcn-norms#
aims,http://aims.fao.org/aos/common/
rating,http://www.tvblob.com/ratings/#
owls,http://www.daml.org/services/owl-s/1.2/Service.owl#
ccard,http://purl.org/commerce/creditcard#
rdo,http://purl.org/rdo/ns#
rdrel,http://rdvocab.info/RDARelationshipsWEMI/
viaf,http://viaf.org/ontology/1.1/#
olia,http://purl.org/olia/olia.owl#
diseasome,http://www4.wiwiss.fu-berlin.de/diseasome/resource/diseasome/
rdagr1,http://rdvocab.info/Elements/
pf,http://jena.hpl.hp.com/ARQ/property#
disease,http://www.agfa.com/w3c/2009/humanDisorder#
dtype,http://www.linkedmodel.org/schema/dtype#
coo,http://purl.org/coo/ns#
health,http://purl.org/twc/health/vocab/
kw,http://kwantu.net/kw/
ngeoi,http://vocab.lenka.no/geo-deling#
oboso,http://purl.org/obo/owl/SO#
scsv,http://purl.org/NET/schema-org-csv#
kdo,http://kdo.render-project.eu/kdo#
oboe,http://ecoinformatics.org/oboe/oboe.1.0/oboe-core.owl#
out,http://ontologies.hypios.com/out#
rv,http://wifo-ravensburg.de/semanticweb.rdf#
arecipe,http://purl.org/amicroformat/arecipe/
owltime,http://www.w3.org/TR/owl-time#
shv,http://ns.aksw.org/spatialHierarchy/
oac,http://www.openannotation.org/ns/
aapi,http://rdf.alchemyapi.com/rdf/v1/s/aapi-schema#
arg,http://rdfs.org/sioc/argument#
ppo,http://vocab.deri.ie/ppo#
hydra,http://www.w3.org/ns/hydra/core#
calli,http://callimachusproject.org/rdf/2009/framework#
xkos,http://purl.org/linked-data/xkos#
no,http://km.aifb.kit.edu/projects/numbers/number#
bp,http://open-services.net/ns/basicProfile#
teach,http://linkedscience.org/teach/ns#
vaem,http://www.linkedmodel.org/schema/vaem#
mei,http://www.music-encoding.org/ns/mei/
ekaw,http://data.semanticweb.org/conference/ekaw/2012/complete/
transit,http://vocab.org/transit/terms/
d2r,http://sites.wiwiss.fu-berlin.de/suhl/bizer/d2r-server/config.rdf#
pav,http://purl.org/pav/
cerif,http://spi-fm.uca.es/neologism/cerif#
govtrackus,http://www.rdfabout.com/rdf/usgov/geo/us/
ospost,http://data.ordnancesurvey.co.uk/ontology/postcode/
okg,http://openknowledgegraph.org/ontology/
soap,http://www.w3.org/2003/05/soap-envelope/
aerols,http://xmlns.com/aerols/0.1/
cogs,http://vocab.deri.ie/cogs#
func,http://www.w3.org/2007/rif-builtin-function#
rdarole,http://rdvocab.info/roles/
example,http://www.example.org/rdf#
saxon,http://saxon.sf.net/
rlog,http://persistence.uni-leipzig.org/nlp2rdf/ontologies/rlog#
iron,http://purl.org/ontology/iron#
gazetteer,http://data.ordnancesurvey.co.uk/ontology/50kGazetteer/
mtecore,http://purl.org/olia/mte/multext-east.owl#
jita,http://aims.fao.org/aos/jita/
asn,http://purl.org/ASN/schema/core/
enhancer,http://stanbol.apache.org/ontology/enhancer/enhancer#
tcga,http://purl.org/tcga/core#
disco,http://rdf-vocabulary.ddialliance.org/discovery#
lctr,http://data.linkedct.org/vocab/resource/
coeus,http://bioinformatics.ua.pt/coeus/
rdfdf,http://www.openlinksw.com/virtrdf-data-formats#
ens,http://models.okkam.org/ENS-core-vocabulary.owl#
campsite,http://www.openlinksw.com/campsites/schema#
poder,http://poderopedia.com/vocab/
greg,http://kasei.us/about/foaf.xrdf#
itsrdf,http://www.w3.org/2005/11/its/rdf#
pccz,http://purl.org/procurement/public-contracts-czech#
telix,http://purl.org/telix#
rec54,http://www.w3.org/2001/02pd/rec54.rdf#
isothes,http://purl.org/iso25964/skos-thes#
dive,http://scubadive.networld.to/dive.rdf#
osn,http://spatial.ucd.ie/lod/osn/
l4a,http://labels4all.info/ns/
oax,http://www.w3.org/ns/openannotation/extensions/
agg,http://purl.org/twc/health/vocab/aggregate/
marshall,http://sites.google.com/site/xgmaitc/
httpvoc,http://www.w3.org/2006/http#
oper,http://sweet.jpl.nasa.gov/2.0/mathOperation.owl#
tmpl,http://purl.org/restdesc/http-template#
pns,http://data.press.net/ontology/stuff/
atomrdf,http://atomowl.org/ontologies/atomrdf#
admssw,http://purl.org/adms/sw/
infection,http://www.agfa.com/w3c/2009/infectiousDisorder#
place,http://purl.org/ontology/places/
germplasm,http://purl.org/germplasm/terms#
fingal,http://vocab.deri.ie/fingal#
cao,http://purl.org/makolab/caont/
nxp,http://purl.org/nxp/schema/v1/
kupkb,http://www.e-lico.eu/data/kupkb/
fct,http://openlinksw.com/services/facets/1.0/
lodac,http://lod.ac/ns/lodac#
life,http://life.deri.ie/schema/
oslc,http://open-services.net/ns/core#
eumida,http://data.kasabi.com/dataset/eumida/terms/
myprefix,http://myprefix.org/
bne,http://datos.bne.es/resource/
iao,http://purl.obolibrary.org/obo/iao.owl#
nytimes,http://data.nytimes.com/elements/
omv,http://omv.ontoware.org/2005/05/ontology#
str,http://nlp2rdf.lod2.eu/schema/string/
ipad,http://www.padinthecity.com/
xch,http://oanda2rdf.appspot.com/xch/
skiresort,http://www.openlinksw.com/ski_resorts/schema#
kontakt,http://richard.cyganiak.de/
sgv,http://www.w3.org/TR/SVG/
npgx,http://ns.nature.com/extensions/
sql,http://ns.inria.fr/ast/sql#
dcr,http://www.isocat.org/ns/dcr.rdf#
pol,http://escience.rpi.edu/ontology/semanteco/2/0/pollution.owl#
artstor,http://simile.mit.edu/2003/10/ontologies/artstor#
dssn,http://purl.org/net/dssn/
fls,http://lukasblaho.sk/football_league_schema#
gbv,http://purl.org/ontology/gbv/
frir,http://purl.org/twc/ontology/frir.owl#
uco,http://purl.org/uco/ns#
mods,http://www.loc.gov/mods/v3#
service,http://purl.org/ontology/service#
ms,http://purl.org/obo/owl/MS#
identity,http://purl.org/twc/ontologies/identity.owl#
recipe,http://linkedrecipes.org/schema/
biordf,http://purl.org/net/biordfmicroarray/ns#
gxa,http://www.ebi.ac.uk/gxa/
steel,http://ontorule-project.eu/resources/steel-30#
pay,http://purl.org/commerce/payment#
dpl,http://dbpedialite.org/things/
fc,http://www.freeclass.eu/freeclass_v1#
wfdesc,http://purl.org/wf4ever/wfdesc#
s2s,http://escience.rpi.edu/ontology/sesf/s2s/4/0/
set,http://www.w3.org/2000/10/swap/set#
wm,http://ns.inria.fr/webmarks#
pronom,http://reference.data.gov.uk/technical-registry/
fd,http://foodable.co/ns/
wfprov,http://purl.org/wf4ever/wfprov#
osmsemnet,http://spatial.ucd.ie/2012/08/osmsemnet/
fl,http://eulersharp.sourceforge.net/2003/03swap/fl-rules#
mte,http://nl.ijs.si/ME/owl/
aat,http://vocab.getty.edu/aat/
vcardx,http://buzzword.org.uk/rdf/vcardx#
genea,http://www.owl-ontologies.com/generations.owl#
chebi,http://bio2rdf.org/chebi:
eseduc,http://www.purl.org/ontologia/eseduc#
prism21,http://prismstandard.org/namespaces/basic/2.1/
hgnc,http://bio2rdf.org/hgnc:
dbyago,http://dbpedia.org/class/yago/
sdgp,http://stats.data-gov.ie/property/
hxl,http://hxl.humanitarianresponse.info/ns/#
goef,http://purl.org/twc/vocab/goef#
bd,http://www.bigdata.com/rdf/search#
carfo,http://purl.org/carfo#
orca,http://geni-orca.renci.org/owl/topology.owl#
infosys,http://www.infosys.com/
rich,http://rdf.data-vocabulary.org/
lex,http://purl.org/lex#
r4ta,http://ns.inria.fr/ratio4ta/v1#
dsp,http://purl.org/metainfo/terms/dsp#
aersv,http://aers.data2semantics.org/vocab/
np,http://www.nanopub.org/nschema#
fcm,http://eulersharp.sourceforge.net/2006/02swap/fcm#
wikterms,http://wiktionary.dbpedia.org/terms/
ends,http://labs.mondeca.com/vocab/endpointStatus#
dawgt,http://www.w3.org/2001/sw/DataAccess/tests/test-dawg#
moby,http://www.mygrid.org.uk/mygrid-moby-service#
sem,http://semanticweb.cs.vu.nl/2009/11/sem/
protegedc,http://protege.stanford.edu/plugins/owl/dc/protege-dc.owl#
xlink,http://www.w3.org/1999/xlink/
wikipedia,http://www.systemone.at/2006/03/wikipedia#
wscaim,http://www.openk.org/wscaim.owl#
agrelon,http://d-nb.info/standards/elementset/agrelon#
opmw,http://www.opmw.org/ontology/
bing,http://bing.com/schema/media/
ple,http://pleiades.stoa.org/places/
frad,http://iflastandards.info/ns/fr/frad/
rad,http://www.w3.org/ns/rad#
rdb,http://www.dbs.cs.uni-duesseldorf.de/RDF/relational#
cis,http://purl.org/NET/cloudisus#
osp,http://data.lirmm.fr/ontologies/osp#
rssynd,http://web.resource.org/rss/1.0/modules/syndication/
laposte,http://data.lirmm.fr/ontologies/laposte#
qa,http://www.mit.jyu.fi/ai/TRUST_Ontologies/QA.owl#
cts2,http://schema.omg.org/spec/CTS2/1.0/
ncbitaxon,http://purl.org/obo/owl/NCBITaxon#
vsto,http://escience.rpi.edu/ontology/vsto/2/0/vsto.owl#
psh,http://psh.techlib.cz/skos/
npgd,http://ns.nature.com/datasets/
re,http://www.w3.org/2000/10/swap/reason#
eui,http://institutions.publicdata.eu/#
wn20,http://www.w3.org/2006/03/wn/wn20/
ogorg,http://opengraph.org/schema/
spif,http://spinrdf.org/spif#
scufl2,http://ns.taverna.org.uk/2010/scufl2#
npgg,http://ns.nature.com/graphs/
daiaserv,http://purl.org/ontology/daia/Service/
qb4o,http://purl.org/olap#
overheid,http://standaarden.overheid.nl/owms/
gesis,http://lod.gesis.org/lodpilot/ALLBUS/vocab.rdf#
crtv,http://open-services.net/ns/crtv#
un,http://www.w3.org/2007/ont/unit#
pkmn,http://pokedex.dataincubator.org/pkm/
exterms,http://www.example.org/terms/
sci,http://data.scientology.org/ns/
blt,http://data.bl.uk/schema/bibliographic#
xt,http://purl.org/twc/vocab/cross-topix#
pna,http://data.press.net/ontology/asset/
jjd,http://www.joshuajeeson.com/
omapi,http://purl.org/omapi/0.2/#
ql,http://www.w3.org/2004/ql#
aers,http://aers.data2semantics.org/resource/
geovocab,http://geovocab.org/
bcngeo,http://datos.bcn.cl/ontologies/bcn-geographics#
mohammad,http://manesht.ir/
oarj,http://opendepot.org/reference/linked/1.0/
nuts,http://nuts.psi.enakting.org/id/BE335/doc/
dt,http://dbpedia.org/datatype/
b2rpubchem,http://bio2rdf.org/ns/ns/ns/pubchem#
ub,http://www.lehigh.edu/~zhp2/2004/0401/univ-bench.owl#
rpubl,http://rinfo.lagrummet.se/ns/2008/11/rinfo/publ#
geof,http://www.opengis.net/def/function/geosparql/
hifm,http://purl.org/net/hifm/data#
pne,http://data.press.net/ontology/event/
penn,http://purl.org/olia/penn.owl#
vdpp,http://data.lirmm.fr/ontologies/vdpp#
gawd,http://gawd.atlantides.org/terms/
telmap,http://purl.org/telmap/
curr,https://w3id.org/cc#
frapo,http://purl.org/cerif/frapo/
dis,http://stanbol.apache.org/ontology/disambiguation/disambiguation#
prviv,http://purl.org/net/provenance/integrity#
wfm,http://purl.org/net/wf-motifs#
tisc,http://observedchange.com/tisc/ns#
bcnbio,http://datos.bcn.cl/ontologies/bcn-biographies#
cf,http://mmisw.org/ont/cf/parameter/
wd,http://www.wikidata.org/entity/
vsws,http://verticalsearchworks.com/ontology/synset#
osukdt,http://www.ordnancesurvey.co.uk/ontology/Datatypes.owl#
eunis,http://eunis.eea.europa.eu/rdf/species-schema.rdf#
wl,http://www.wsmo.org/ns/wsmo-lite#
s3db,http://www.s3db.org/core#
reve,http://data.eurecom.fr/ontology/reve#
oecd,http://oecd.270a.info/dataset/
vsw,http://verticalsearchworks.com/ontology/
vocab,http://rdf.ontology2.com/vocab#
premis,http://multimedialab.elis.ugent.be/users/samcoppe/ontologies/Premis/premis.owl#
sso,http://nlp2rdf.lod2.eu/schema/sso/
bcncon,http://datos.bcn.cl/ontologies/bcn-congress#
lldr,http://purl.oclc.org/NET/lldr/ns#
owlse,http://www.daml.org/services/owl-s/1.2/generic/Expression.owl#
sdmxdim,http://purl.org/linked-data/sdmx/2009/dimension#
puelia,http://kwijibo.talis.com/vocabs/puelia#
visko,http://trust.utep.edu/visko/ontology/visko-operator-v3.owl#
voidp,http://www.enakting.org/provenance/voidp/
prf,http://www.openmobilealliance.org/tech/profiles/UAPROF/ccppschema-20021212#
cvbase,http://purl.org/captsolo/resume-rdf/0.2/base#
water,http://escience.rpi.edu/ontology/semanteco/2/0/water.owl#
fos,http://futurios.org/fos/spec/
cro,http://clirio.kaerle.com/clirio.owl#
rdamedia,http://rdvocab.info/termList/RDAMediaType/
photoshop,http://ns.adobe.com/photoshop/1.0/
onssprel,http://www.ordnancesurvey.co.uk/ontology/SpatialRelations/v0.2/SpatialRelations.owl#
rdf123,http://rdf123.umbc.edu/ns/
l4lod,http://ns.inria.fr/l4lod/v2/
ecb,http://ecb.270a.info/class/1.0/
webbox,http://webbox.ecs.soton.ac.uk/ns#
wfs,http://schemas.opengis.net/wfs/
sdmxa,http://purl.org/linked-data/sdmx/2009/attribute#
wp,http://vocabularies.wikipathways.org/
geofla,http://data.ign.fr/ontologies/geofla#
rlno,http://rdflivenews.aksw.org/ontology/
italy,http://data.kasabi.com/dataset/italy/schema/
algo,http://securitytoolbox.appspot.com/securityAlgorithms#
aigp,http://swat.cse.lehigh.edu/resources/onto/aigp.owl#
mime,http://purl.org/NET/mediatypes/
wapp,http://ns.rww.io/wapp#
mil,http://rdf.muninn-project.org/ontologies/military#
crv,http://purl.org/twc/vocab/datacarver#
stac,http://securitytoolbox.appspot.com/stac#
swpatho,http://swpatho.ag-nbi.de/context/meta.owl#
nsl,http://purl.org/ontology/storyline/
finlaw,http://purl.org/finlex/schema/laki/
pam,http://prismstandard.org/namespaces/pam/2.0/
gfo,http://www.onto-med.de/ontologies/gfo.owl#
httpm,http://www.w3.org/2011/http-methods#
aos,http://rdf.muninn-project.org/ontologies/appearances#
geocontext,http://www.geocontext.org/publ/2013/vocab#
city,http://datos.localidata.com/def/City#
stats,http://purl.org/rdfstats/stats#
w3po,http://purl.org/provenance/w3p/w3po#
locwd,http://purl.org/locwd/schema#
qvoc,http://mlode.nlp2rdf.org/quranvocab#
omn,http://www.openmobilenetwork.org/resource/
refe,http://orion.tw.rpi.edu/~xgmatwc/refe/
tblcard,http://www.w3.org/People/Berners-Lee/card#
viskov,http://trust.utep.edu/visko/ontology/visko-view-v3.owl#
ecpo,http://purl.org/ontology/ecpo#
rdacarrier,http://rdvocab.info/termList/RDACarrierType/
dvia,http://data.eurecom.fr/ontology/dvia#
vvo,http://purl.org/vvo/ns#
qrl,http://www.aifb.kit.edu/project/ld-retriever/qrl#
lh,http://vocab.inf.ed.ac.uk/library/holdings#
rlnr,http://rdflivenews.aksw.org/resource/
oj,http://ontojob.at/
cdtype,http://purl.org/cld/cdtype/
occult,http://data.totl.net/occult/
tr,http://www.thomsonreuters.com/
wkd,http://schema.wolterskluwer.de/
frbrer,http://iflastandards.info/ns/fr/frbr/frbrer/
gndo,http://d-nb.info/standards/elementset/gnd#
poste,http://data.lirmm.fr/ontologies/poste#
harrisons,http://harrisons.cc/
frsad,http://iflastandards.info/ns/fr/frsad/
ds,http://purl.org/ctic/dcat#
dbtont,http://dbtropes.org/ont/
odcs,http://opendata.cz/infrastructure/odcleanstore/
wbc,http://worldbank.270a.info/classification/
ssso,http://purl.org/ontology/ssso#
won,http://purl.org/webofneeds/model#
conf,http://richard.cyganiak.de/2007/pubby/config.rdf#
centrifuge,http://purl.org/twc/vocab/centrifuge#
up,http://users.ugent.be/~tdenies/up/
wiki,http://en.wikipedia.org/wiki/
opl,http://openlinksw.com/schema/attribution#
daisy,http://www.daisy.org/z3998/2012/vocab/
vapour,http://vapour.sourceforge.net/vocab.rdf#
rdacontent,http://rdvocab.info/termList/RDAContentType/
fea,http://vocab.data.gov/def/fea#
roterms,http://purl.org/wf4ever/roterms#
prolog,http://eulersharp.sourceforge.net/2003/03swap/prolog#
csm,http://purl.org/csm/1.0#
cex,http://purl.org/weso/computex/ontology#
strdf,http://strdf.di.uoa.gr/ontology#
zoomaterms,http://rdf.ebi.ac.uk/vocabulary/zooma/
pext,http://www.ontotext.com/proton/protonext#
dcm,http://dcm.com/
sf,http://www.opengis.net/ont/sf#
wbp,http://worldbank.270a.info/property/
amalgame,http://purl.org/vocabularies/amalgame#
bbc,http://www.bbc.co.uk/ontologies/news/
osr,http://dati.senato.it/osr/
dbptmpl,http://dbpedia.org/resource/Template:
radion,http://www.w3.org/ns/radion#
fincaselaw,http://purl.org/finlex/schema/oikeus/
rdfdata,http://rdf.data-vocabulary.org/rdf.xml#
ebu,http://semantic.eurobau.com/eurobau-utility.owl#
pizza,http://www.co-ode.org/ontologies/pizza/pizza.owl#
ec,http://eulergui.sourceforge.net/contacts.owl.n3#
swperson,http://data.semanticweb.org/person/
pois,http://purl.oclc.org/POIS/vcblr#
kbp,http://tackbp.org/2013/ontology#
saif,http://wwwiti.cs.uni-magdeburg.de/~srahman/
wi,http://purl.org/ontology/wi/core#
cbase,http://ontologycentral.com/2010/05/cb/vocab#
worldbank,http://worldbank.270a.info/dataset/
roevo,http://purl.org/wf4ever/roevo#
pkgsrc,http://pkgsrc.co/schema#
ludo,http://vocab.ox.ac.uk/ludo#
xmp,http://ns.adobe.com/xap/1.0/
ogbd,http://www.ogbd.fr/2012/ontologie#
fcp,http://www.newmedialab.at/fcp/
pubmed,http://bio2rdf.org/pubmed_vocabulary:
bsb,http://lod.b3kat.de/title/
nyt,http://data.nytimes.com/
namespaces,https://vg.no/
part,http://purl.org/vocab/participation/schema#
wf4ever,http://purl.org/wf4ever/wf4ever#
tvc,http://www.essepuntato.it/2012/04/tvc/
biotop,http://purl.org/biotop/biotop.owl#
olad,http://openlad.org/vocab#
dcndl,http://ndl.go.jp/dcndl/terms/
deo,http://purl.org/spar/deo/
rdafrbr,http://rdvocab.info/uri/schema/FRBRentitiesRDA/
graffle,http://purl.org/twc/vocab/vsr/graffle#
inno,http://purl.org/innovation/ns#
twaapi,http://purl.org/twc/vocab/aapi-schema#
vrank,http://purl.org/voc/vrank#
ctorg,http://purl.org/ctic/infraestructuras/organizacion#
comm,http://vocab.resc.info/communication#
who,http://www.who.int/vocab/ontology#
camelot,http://vocab.ox.ac.uk/camelot#
delta,http://www.w3.org/2004/delta#
gvp,http://vocab.getty.edu/ontology#
mp,http://jicamaro.info/mp#
iot,http://www.linkedthings.com/iot/
gq,http://genomequest.com/
locn,http://www.w3.org/ns/locn#
gnvc,http://purl.org/gc/
agls,http://www.agls.gov.au/agls/terms/
icane,http://www.icane.es/opendata/vocab#
nidm,http://nidm.nidash.org/
cb,http://cbasewrap.ontologycentral.com/vocab#
emotion,http://ns.inria.fr/emoca#
archdesc,http://archdesc.info/archEvent#
oliasystem,http://purl.org/olia/system.owl#
penis,http://penis.to/#
paia,http://purl.org/ontology/paia#
cosmo,http://purl.org/ontology/cosmo#
scms,http://ns.aksw.org/scms/annotations/
ptop,http://www.ontotext.com/proton/protontop#
moac,http://observedchange.com/moac/ns#
limoo,http://purl.org/LiMo/0.1/
dqm,http://purl.org/dqm-vocabulary/v1/dqm#
rdag3,http://rdvocab.info/ElementsGr3/
dn,http://purl.org/datanode/ns/
cold,http://purl.org/configurationontology#
ox,http://vocab.ox.ac.uk/projectfunding#
te,http://www.w3.org/2006/time-entry#
muldicat,http://iflastandards.info/ns/muldicat#
pso,http://purl.org/spar/pso/
viso,http://purl.org/viso/
ecos,http://kmm.lboro.ac.uk/ecos/1.0#
mged,http://mged.sourceforge.net/ontologies/MGEDOntology.owl#
xsi,http://www.w3.org/2001/XMLSchema-instance#
osgeom,http://data.ordnancesurvey.co.uk/ontology/geometry/
stream,http://dbpedia.org/ontology/Stream/
biro,http://purl.org/spar/biro/
mocanal,http://www.semanticweb.org/asow/ontologies/2013/9/untitled-ontology-36#
tgn,http://vocab.getty.edu/tgn/
lexcz,http://purl.org/lex/cz#
csp,http://vocab.deri.ie/csp#
doco,http://purl.org/spar/doco/
lmm1,http://www.ontologydesignpatterns.org/ont/lmm/LMM_L1.owl#
drm,http://vocab.data.gov/def/drm#
lmm2,http://www.ontologydesignpatterns.org/ont/lmm/LMM_L2.owl#
mvco,http://purl.oclc.org/NET/mvco.owl#
om,http://opendata.caceres.es/def/ontomunicipio#
meb,http://rdf.myexperiment.org/ontologies/base/
dl,http://ontology.ip.rm.cnr.it/ontologies/DOLCE-Lite#
mds,http://doc.metalex.eu/id/
ontopic,http://www.ontologydesignpatterns.org/ont/dul/ontopic.owl#
lsc,http://linkedscience.org/lsc/ns#
coun,http://www.daml.org/2001/09/countries/iso-3166-ont#
ostop,http://www.ordnancesurvey.co.uk/ontology/Topography/v0.1/Topography.owl#
tw,http://tw.rpi.edu/schema/
dr,http://purl.org/swan/2.0/discourse-relationships/
gastro,http://www.ebsemantics.net/gastro#
odv,http://reference.data.gov.uk/def/organogram/
odapp,http://vocab.deri.ie/odapp#
iol,http://www.ontologydesignpatterns.org/ont/dul/IOLite.owl#
dcoid,http://dx.deepcarbon.net/
passim,http://data.lirmm.fr/ontologies/passim#
oecc,http://www.oegov.org/core/owl/cc#
turismo,http://idi.fundacionctic.org/cruzar/turismo#
emp,http://purl.org/ctic/empleo/oferta#
itsmo,http://ontology.it/itsmo/v1#
graves,http://rdf.muninn-project.org/ontologies/graves#
quty,http://www.telegraphis.net/ontology/measurement/quantity#
onyx,http://www.gsi.dit.upm.es/ontologies/onyx/ns#
bwb,http://doc.metalex.eu/bwb/ontology/
raul,http://vocab.deri.ie/raul#
edgar,http://edgarwrap.ontologycentral.com/vocab/edgar#
cpa,http://www.ontologydesignpatterns.org/schemas/cpannotationschema.owl#
pwo,http://purl.org/spar/pwo/
obsm,http://rdf.geospecies.org/methods/observationMethod#
semio,http://www.lingvoj.org/semio#
ordf,http://purl.org/NET/ordf/
gadm,http://gadm.geovocab.org/ontology#
ling,http://purl.org/voc/ling/
msr,http://www.telegraphis.net/ontology/measurement/measurement#
bihap,http://bihap.kb.gov.tr/ontology/
swpo,http://sw-portal.deri.org/ontologies/swportal#
elec,http://purl.org/ctic/sector-publico/elecciones#
opmo,http://openprovenance.org/model/opmo#
tao,http://vocab.deri.ie/tao#
tddo,http://databugger.aksw.org/ns/core#
article,http://ogp.me/ns/article#
dcite,http://purl.org/spar/datacite/
xml,http://www.w3.org/XML/1998/namespace/
gnm,http://www.geonames.org/ontology/mappings/
seq,http://www.ontologydesignpatterns.org/cp/owl/sequence.owl#
coll,http://purl.org/co/
odpart,http://www.ontologydesignpatterns.org/cp/owl/participation.owl#
spt,http://spitfire-project.eu/ontology/ns/
snarm,http://rdf.myexperiment.org/ontologies/snarm/
rso,http://www.researchspace.org/ontology/
tis,http://www.ontologydesignpatterns.org/cp/owl/timeindexedsituation.owl#
op,http://environment.data.gov.au/def/op#
trait,http://contextus.net/ontology/ontomedia/ext/common/trait#
ulan,http://vocab.getty.edu/ulan/
rdaw,http://rdaregistry.info/Elements/w/
kai,http://kai.uni-kiel.de/
app,http://jmvanel.free.fr/ontology/software_applications.n3#
ndl,http://schemas.ogf.org/nml/2013/05/base#
mm,http://linkedmultimedia.org/sparql-mm/functions#
gcis,http://data.globalchange.gov/gcis.owl#
rdac,http://rdaregistry.info/Elements/c/
erce,http://xxefe.de/
geop,http://aims.fao.org/aos/geopolitical.owl#
rdaa,http://rdaregistry.info/Elements/a/
lexinfo,http://www.lexinfo.net/ontology/2.0/lexinfo#
od,http://purl.org/twc/vocab/opendap#
cmd,http://clarin.eu/cmd#
asgv,http://aims.fao.org/aos/agrovoc/
rdam,http://rdaregistry.info/Elements/m/
ftcontent,http://www.ft.com/ontology/content/
rdau,http://rdaregistry.info/Elements/u/
location,http://sw.deri.org/2006/07/location/loc#
skos08,http://www.w3.org/2008/05/skos#
eurlex,http://eur-lex.publicdata.eu/ontology/
bk,http://www.provbook.org/ns/#
rdae,http://rdaregistry.info/Elements/e/
li,http://def.seegrid.csiro.au/isotc211/iso19115/2003/lineage#
dpd,http://www.kanzaki.com/ns/dpd#
lfov,https://w3id.org/legal_form#
gaf,http://groundedannotationframework.org/
contsem,http://contsem.unizar.es/def/sector-publico/contratacion#
lime,http://art.uniroma2.it/ontologies/lime#
vgo,http://purl.org/net/VideoGameOntology#
siocserv,http://rdfs.org/sioc/services#
my,http://www.mobile.com/model/
pproc,http://contsem.unizar.es/def/sector-publico/pproc#
provone,http://purl.org/provone#
cjr,http://vocab.linkeddata.es/datosabiertos/def/urbanismo-infraestructuras/callejero#
defns,http://www.openarchives.org/OAI/2.0/
fao,http://fao.270a.info/dataset/
estrn,http://vocab.linkeddata.es/datosabiertos/def/urbanismo-infraestructuras/transporte#
rdl,http://data.posccaesar.org/rdl/
metadata,http://purl.oreilly.com/ns/meta/
esadm,http://vocab.linkeddata.es/datosabiertos/def/sector-publico/territorio#
stanford,http://purl.org/olia/stanford.owl#
evident,http://purl.org/net/evident#
videogame,http://purl.org/net/vgo#
csv,http://vocab.sindice.net/csv/
language,http://id.loc.gov/vocabulary/iso639-1/
lexicon,http://www.example.org/lexicon#
travel,http://www.co-ode.org/roberts/travel.owl#
mammal,http://lod.taxonconcept.org/ontology/p01/Mammalia/index.owl#
call,http://webofcode.org/wfn/call:
origins,http://origins.link/
soc,http://purl.org/net/hdlipcores/ontology/soc#
onisep,http://rdf.onisep.fr/resource/
uri4uri,http://uri4uri.net/vocab#
friends,http://www.openarchives.org/OAI/2.0/friends/
odrl,http://www.w3.org/ns/odrl/2/
koly,http://www.ensias.ma/
rdai,http://rdaregistry.info/Elements/i/
bco,http://purl.obolibrary.org/obo/bco.owl#
olac11,http://www.language-archives.org/OLAC/1.1/
frb,http://frb.270a.info/dataset/
mb,http://dbtune.org/musicbrainz/resource/instrument/
olac,http://www.language-archives.org/OLAC/1.0/
fbgeo,http://rdf.freebase.com/ns/location/geocode/
oh,http://semweb.mmlab.be/ns/oh#
fp3,http://vocab.fusepool.info/fp3#
navm,https://w3id.org/navigation_menu#
employee,http://www.employee.com/data#
static,http://vocab-ld.org/vocab/static-ld#
kml,http://www.opengis.net/kml/2.2#
tavprov,http://ns.taverna.org.uk/2012/tavernaprov/
lofv,http://purl.org/legal_form/vocab#
omdoc,http://omdoc.org/ontology/
agrd,http://agrinepaldata.com/
unspsc,http://ontoview.org/schema/unspsc/1#
mmt,http://linkedmultimedia.org/sparql-mm/functions/temporal#
vext,http://ldf.fi/void-ext#
estatwrap,http://ontologycentral.com/2009/01/eurostat/ns#
ses,http://lod.taxonconcept.org/ses/
agro,http://agrinepaldata.com/vocab/
naval,http://rdf.muninn-project.org/ontologies/naval#
vin,http://www.w3.org/TR/2003/PR-owl-guide-20031209/wine#
jp1,http://rdf.muninn-project.org/ontologies/jp1/
diag,http://www.loc.gov/zing/srw/diagnostic/
nxs,http://www.neclimateus.org/
openskos,http://openskos.org/xmlns#
l2sp,http://www.linked2safety-project.eu/properties/
pic,http://www.ipaw.info/ns/picaso#
babelnet,http://babelnet.org/2.0/
sru,http://www.loc.gov/zing/srw/
ll,http://lodlaundromat.org/resource/
sad,http://vocab.deri.ie/sad#
spdx,http://spdx.org/rdf/terms#
irstea,http://ontology.irstea.fr/
wfn,http://webofcode.org/wfn/
bag,http://lod.geodan.nl/vocab/bag#
opllic,http://www.openlinksw.com/ontology/licenses#
cmdi,http://www.clarin.eu/cmd/
cl,http://advene.org/ns/cinelab/
sro,http://salt.semanticauthoring.org/ontologies/sro#
ruto,http://rdfunit.aksw.org/ns/core#
msm,http://iserve.kmi.open.ac.uk/ns/msm#
odapps,http://semweb.mmlab.be/ns/odapps#
of,http://owlrep.eu01.aws.af.cm/fridge#
va,http://code-research.eu/ontology/visual-analytics#
irsteaont,http://ontology.irstea.fr/weather/ontology#
xslopm,http://purl.org/net/opmv/types/xslt#
topo,http://data.ign.fr/def/topo#
pvcs,http://purl.org/twc/vocab/pvcs#
oplacl,http://www.openlinksw.com/ontology/acl#
llo,http://lodlaundromat.org/ontology/
vra,http://simile.mit.edu/2003/10/ontologies/vraCore3#
whisky,http://vocab.org/whisky/terms/
shex,http://www.w3.org/2013/ShEx/ns#
fcs,http://clarin.eu/fcs/resource#
cdc,http://www.contextdatacloud.org/resource/
abs,http://abs.270a.info/dataset/
dogont,http://elite.polito.it/ontologies/dogont.owl#
zr,http://explain.z3950.org/dtd/2.0/
cmdm,http://infra.clarin.eu/cmd/
wn30,http://purl.org/vocabularies/princeton/wn30/
imf,http://imf.270a.info/dataset/
fam,http://vocab.fusepool.info/fam#
esaloj,http://vocab.linkeddata.es/datosabiertos/def/turismo/alojamiento#
dbug,http://ontologi.es/doap-bugs#
pkm,http://www.ontotext.com/proton/protonkm#
rvl,http://purl.org/rvl/
voidwh,http://www.ics.forth.gr/isl/VoIDWarehouse/VoID_Extension_Schema.owl#
oplprod,http://www.openlinksw.com/ontology/products#
physo,http://merlin.phys.uni.lodz.pl/onto/physo/physo.owl#
voidext,http://rdfs.org/ns/void-ext#
geovoid,http://purl.org/geovocamp/ontology/geovoid/
plo,http://purl.org/net/po#
holding,http://purl.org/ontology/holding#
tm,http://def.seegrid.csiro.au/isotc211/iso19108/2002/temporal#
oplres,http://www.openlinksw.com/ontology/restrictions#
wikimedia,http://upload.wikimedia.org/wikipedia/commons/f/f6/
roadmap,http://mappings.roadmap.org/
llm,http://lodlaundromat.org/metrics/ontology/
nerd,http://nerd.eurecom.fr/ontology#
fma,http://sig.uw.edu/fma#
security,http://securitytoolbox.appspot.com/securityMain#
uis,http://uis.270a.info/dataset/
vmm,http://spi-fm.uca.es/spdef/models/genericTools/vmm/1.0#
dq,http://def.seegrid.csiro.au/isotc211/iso19115/2003/dataquality#
sam,http://def.seegrid.csiro.au/isotc211/iso19156/2011/sampling#
taxon,http://purl.org/biodiversity/taxon/
geos,http://www.telegraphis.net/ontology/geography/geography#
spfood,http://kmi.open.ac.uk/projects/smartproducts/ontologies/food.owl#
wikim,http://spi-fm.uca.es/spdef/models/genericTools/wikim/1.0#
thors,http://resource.geosciml.org/ontology/timescale/thors#
rdag2,http://rdvocab.info/ElementsGr2/
ilap,http://data.posccaesar.org/ilap/
qu,http://purl.oclc.org/NET/ssnx/qu/qu#
psys,http://www.ontotext.com/proton/protonsys#
tac,http://ns.bergnet.org/tac/0.1/triple-access-control#
lmf,http://www.lexinfo.net/lmf#
scip,http://lod.taxonconcept.org/ontology/sci_people.owl#
form,http://deductions-software.com/ontologies/forms.owl.ttl#
gtfs,http://vocab.gtfs.org/terms#
smg,http://ns.cerise-project.nl/energy/def/cim-smartgrid#
bis,http://bis.270a.info/dataset/
wro,http://purl.org/net/wf4ever/ro#
scoro,http://purl.org/spar/scoro/
oils,http://lemon-model.net/oils#
galaksiya,http://ontoloji.galaksiya.com/vocab/
isocat,http://www.isocat.org/datcat/
reegle,http://reegle.info/schema#
rdarel2,http://metadataregistry.org/uri/schema/RDARelationshipsGR2/
ls,http://linkedspending.aksw.org/instance/
sao,http://salt.semanticauthoring.org/ontologies/sao#
gf,http://def.seegrid.csiro.au/isotc211/iso19109/2005/feature#
ru,http://purl.org/imbi/ru-meta.owl#
ecc,https://ns.eccenca.com/
ext,http://def.seegrid.csiro.au/isotc211/iso19115/2003/extent#
stories,http://purl.org/ontology/stories/
st,http://semweb.mmlab.be/ns/stoptimes#
oan,http://data.lirmm.fr/ontologies/oan/
parl,http://reference.data.gov.uk/def/parliament/
ramon,http://rdfdata.eionet.europa.eu/ramon/ontology/
pnt,http://data.press.net/ontology/tag/
pattern,http://www.essepuntato.it/2008/12/pattern#
oplcb,http://www.openlinksw.com/schemas/crunchbase#
bgn,http://bibliograph.net/schemas/
bmo,http://collection.britishmuseum.org/id/ontology/
basic,http://def.seegrid.csiro.au/isotc211/iso19103/2005/basic#
spcm,http://spi-fm.uca.es/spdef/models/deployment/spcm/1.0#
pnc,http://data.press.net/ontology/classification/
pni,http://data.press.net/ontology/identifier/
hr,http://iserve.kmi.open.ac.uk/ns/hrests#
dicom,http://purl.org/healthcarevocab/v1#
sbench,http://swat.cse.lehigh.edu/onto/univ-bench.owl#
lso,http://linkedspending.aksw.org/ontology/
gts,http://resource.geosciml.org/ontology/timescale/gts#
ebucore,http://www.ebu.ch/metadata/ontologies/ebucore/ebucore#
hdo,http://www.samos.gr/ontologies/helpdeskOnto.owl#
bbcprov,http://www.bbc.co.uk/ontologies/provenance/
npdv,http://sws.ifi.uio.no/vocab/npd#
mico,http://www.mico-project.eu/ns/platform/1.0/schema#
mmf,http://linkedmultimedia.org/sparql-mm/ns/1.0.0/function#
shw,http://paul.staroch.name/thesis/SmartHomeWeather.owl#
affymetrix,http://bio2rdf.org/affymetrix_vocabulary:
gpml,http://vocabularies.wikipathways.org/gpml#
citof,http://www.essepuntato.it/2013/03/cito-functions#
swpm,http://spi-fm.uca.es/spdef/models/deployment/swpm/1.0#
oplcert,http://www.openlinksw.com/schemas/cert#
bevon,http://rdfs.co/bevon/
gm,http://def.seegrid.csiro.au/isotc211/iso19107/2003/geometry#
locah,http://data.archiveshub.ac.uk/def/
keys,http://purl.org/NET/c4dm/keys.owl#
xlime,http://xlime-project.org/vocab/
wn31,http://wordnet-rdf.princeton.edu/wn31/
doas,http://deductions-software.com/ontologies/doas.owl.ttl#
h2o,http://def.seegrid.csiro.au/isotc211/iso19150/-2/2012/basic#
dcs,http://ontologi.es/doap-changeset#
aws,http://purl.oclc.org/NET/ssnx/meteo/aws#
bbccore,http://www.bbc.co.uk/ontologies/coreconcepts/
maso,http://securitytoolbox.appspot.com/MASO#
loted,http://loted.eu/ontology#
odo,http://ocean-data.org/schema/
ldr,http://purl.oclc.org/NET/ldr/ns#
kegg,http://bio2rdf.org/ns/kegg#
acrt,http://privatealpha.com/ontology/certification/1#
bbccms,http://www.bbc.co.uk/ontologies/cms/
ignf,http://data.ign.fr/def/ignf#
limo,http://www.purl.org/limo-ontology/limo#
oss,http://opendata.caceres.es/def/ontosemanasanta#
ic,http://imi.ipa.go.jp/ns/core/210#
lpeu,http://purl.org/linkedpolitics/vocabulary/eu/plenary/
wno,http://wordnet-rdf.princeton.edu/ontology#
mmd,http://musicbrainz.org/ns/mmd-1.0#
lio,http://purl.org/net/lio#
itm,http://spi-fm.uca.es/spdef/models/genericTools/itm/1.0#
hp,http://pictogram.tokyo/vocabulary#
oslo,http://purl.org/oslo/ns/localgov#
gov,http://gov.genealogy.net/ontology.owl#
dannet,http://www.wordnet.dk/owl/instance/2009/03/instances/
nex,http://www.nexml.org/2009/
oplmkt,http://www.openlinksw.com/ontology/market#
cpant,http://purl.org/NET/cpan-uri/terms#
lemonuby,http://lemon-model.net/lexica/uby/
deps,http://ontologi.es/doap-deps#
lc,http://www.linkedcode.org/2014/12/linkedcode#
odrs,http://schema.theodi.org/odrs#
dpc,http://dpc.Data/
dsn,http://purl.org/dsnotify/vocab/eventset/
rmo,http://eatld.et.tu-dresden.de/rmo#
oplecrm,http://www.openlinksw.com/ontology/ecrm#
oad,http://lod.xdams.org/reload/oad/
opengov,http://www.w3.org/opengov#
religion,http://rdf.muninn-project.org/ontologies/religion#
as,http://www.w3.org/ns/activitystreams#
olca,http://www.lingvoj.org/olca#
gl,http://schema.geolink.org/
bibrm,http://vocab.ub.uni-leipzig.de/bibrm/
guo,http://webr3.org/owl/guo#
sakthi,http://infotech.nitk.ac.in/research-scholars/sakthi-murugan-r/
ontosec,http://www.semanticweb.org/ontologies/2008/11/OntologySecurity.owl#
caplibacl,http://schemas.capita-libraries.co.uk/2015/acl/schema#
bridge,http://purl.org/vocommons/bridge#
oae,http://www.ics.forth.gr/isl/oae/core#
bv,http://purl.org/vocommons/bv#
rvdata,http://data.rvdata.us/
yo,http://yovisto.com/
sh,http://www.w3.org/ns/shacl#
pod,https://project-open-data.cio.gov/v1.1/schema/#
xcql,http://docs.oasis-open.org/ns/search-ws/xcql#
d0,http://ontologydesignpatterns.org/ont/wikipedia/d0.owl#
bgdbp,http://bg.dbpedia.org/property/
ldvm,http://linked.opendata.cz/ontology/ldvm/
wb,http://data.worldbank.org/
vidont,http://vidont.org/
espresup,http://vocab.linkeddata.es/datosabiertos/def/hacienda/presupuestos#
rdacct,http://rdaregistry.info/termList/collTitle/
rdamt,http://rdaregistry.info/termList/RDAMediaType/
ecglview,http://schema.geolink.org/view/
chembl,http://rdf.ebi.ac.uk/terms/chembl#
ljkl,http://teste.com/
rdagd,http://rdaregistry.info/termList/gender/
oboinowl,http://www.geneontology.org/formats/oboInOwl#
onc,http://www.ics.forth.gr/isl/oncm/core#
xrd,http://docs.oasis-open.org/ns/xri/xrd-1.0#
lsd,http://linkedwidgets.org/statisticaldata/ontology/
lcdr,http://ns.lucid-project.org/revision/
bgcat,http://bg.dbpedia.org/resource/:
rdami,http://rdaregistry.info/termList/modeIssue/
owsom,https://onlinesocialmeasures.wordpress.com/
rdaco,http://rdaregistry.info/termList/RDAContentType/
rdact,http://rdaregistry.info/termList/RDACarrierType/
bgdbr,http://bg.dbpedia.org/resource/
rdafs,http://rdaregistry.info/termList/fontSize/
esequip,http://vocab.linkeddata.es/datosabiertos/def/urbanismo-infraestructuras/equipamiento#
rdafr,http://rdaregistry.info/termList/frequency/
dicera,http://semweb.mmlab.be/ns/dicera#
rdafnv,http://rdaregistry.info/termList/noteForm/
rdafmn,http://rdaregistry.info/termList/MusNotation/
rdabf,http://rdaregistry.info/termList/bookFormat/
seas,http://purl.org/NET/seas#
escom,http://vocab.linkeddata.es/datosabiertos/def/comercio/tejidoComercial#
lw,http://linkedwidgets.org/ontologies/
rdafnm,http://rdaregistry.info/termList/FormNoteMus/
rdaftn,http://rdaregistry.info/termList/TacNotation/
rdapo,http://rdaregistry.info/termList/RDAPolarity/
rdagrp,http://rdaregistry.info/termList/groovePitch/
rdasco,http://rdaregistry.info/termList/soundCont/
rdagw,http://rdaregistry.info/termList/grooveWidth/
rdapmt,http://rdaregistry.info/termList/prodTactile/
